"source_path","source_kind","source_status","source_title","local_coverage","local_runtime_result","issue"
"/account/forgot-password/","account","200","Thức Coffee - Open 24/7 - Forgot Password","missing","404","Forgot-password route not declared"
"/account/login/","account","200","Thức Coffee - Open 24/7 - Đăng Nhập","partial","login","Route exists; missing source shared components/content"
"/","home","200","Thức Coffee - Open 24/7 - Trang chủ","implemented","home",""
"/menu/banh-trung-thu-t1p1s587/","menu-category","500","","missing","redirect-/menu","No category route; dynamic slug is treated as product and redirected"
"/menu/banh-trung-thu-t1p1s763/","menu-category","500","","missing","redirect-/menu","No category route; dynamic slug is treated as product and redirected"
"/menu/blended-t1p1s119/","menu-category","200","Thức Coffee - Open 24/7 - BLENDED","missing","redirect-/menu","No category route; dynamic slug is treated as product and redirected"
"/menu/cake-t1p1s136/","menu-category","200","Thức Coffee - Open 24/7 - CAKE","missing","redirect-/menu","No category route; dynamic slug is treated as product and redirected"
"/menu/christmas-collection-t1p1s649/","menu-category","500","","missing","redirect-/menu","No category route; dynamic slug is treated as product and redirected"
"/menu/coffee-t1p1s494/","menu-category","200","Thức Coffee - Open 24/7 - COFFEE","missing","redirect-/menu","No category route; dynamic slug is treated as product and redirected"
"/menu/cold-brew-origins-t1p1s1408/","menu-category","200","Thức Coffee - Open 24/7 - COLD BREW ORIGINS","missing","redirect-/menu","No category route; dynamic slug is treated as product and redirected"
"/menu/mango-breeze-t1p1s1470/","menu-category","200","Thức Coffee - Open 24/7 - MANGO BREEZE","missing","redirect-/menu","No category route; dynamic slug is treated as product and redirected"
"/menu/milk-tea-t1p1s139/","menu-category","200","Thức Coffee - Open 24/7 - MILK TEA","missing","redirect-/menu","No category route; dynamic slug is treated as product and redirected"
"/menu/non-coffee-t1p1s138/","menu-category","200","Thức Coffee - Open 24/7 - NON-COFFEE","missing","redirect-/menu","No category route; dynamic slug is treated as product and redirected"
"/menu/san-pham-moi-t5p1s549/","menu-category","200","Thức Coffee - Open 24/7 - Menu","missing","redirect-/menu","No category route; dynamic slug is treated as product and redirected"
"/menu/tea-t1p1s123/","menu-category","200","Thức Coffee - Open 24/7 - TEA","missing","redirect-/menu","No category route; dynamic slug is treated as product and redirected"
"/menu/yeu-thich-nhat-t5p1s548/","menu-category","200","Thức Coffee - Open 24/7 - Menu","missing","redirect-/menu","No category route; dynamic slug is treated as product and redirected"
"/menu/","menu-list","200","Thức Coffee - Open 24/7 - Menu","implemented","menu-list",""
"/menu/americano-s153t2/","product-detail","200","Thức Coffee - Open 24/7 - AMERICANO","implemented","product-detail",""
"/menu/berry-mango-s1473t2/","product-detail","200","Thức Coffee - Open 24/7 - BERRY MANGO","implemented","product-detail",""
"/menu/biscuit-sticks-with-creamfoam-s1001t2/","product-detail","200","Thức Coffee - Open 24/7 - BISCUIT STICKS WITH CREAMFOAM","implemented","product-detail",""
"/menu/black-coffee-s145t2/","product-detail","200","Thức Coffee - Open 24/7 - BLACK COFFEE","implemented","product-detail",""
"/menu/black-cold-brew-coffee-s1378t2/","product-detail","200","Thức Coffee - Open 24/7 - BLACK COLD BREW COFFEE","implemented","product-detail",""
"/menu/cappuccino-s155t2/","product-detail","200","Thức Coffee - Open 24/7 - CAPPUCCINO","implemented","product-detail",""
"/menu/caramel-coffee-jelly-ib-s259t2/","product-detail","200","Thức Coffee - Open 24/7 - CARAMEL COFFEE JELLY IB","implemented","product-detail",""
"/menu/chocolate-ib-s263t2/","product-detail","200","Thức Coffee - Open 24/7 - CHOCOLATE IB","implemented","product-detail",""
"/menu/chocolate-s167t2/","product-detail","200","Thức Coffee - Open 24/7 - CHOCOLATE","implemented","product-detail",""
"/menu/christmas-vanilla-peppermint-s652t2/","product-detail","500","","missing","redirect-/menu","Product slug absent from local data"
"/menu/cinnamon-orange-cold-brew-s1435t2/","product-detail","200","Thức Coffee - Open 24/7 - CINNAMON ORANGE COLD BREW","implemented","product-detail",""
"/menu/cinnamon-tea-s181t2/","product-detail","200","Thức Coffee - Open 24/7 - CINNAMON TEA","implemented","product-detail",""
"/menu/coco-coffee-iceblend-s1138t2/","product-detail","200","Thức Coffee - Open 24/7 - COCO COFFEE ICEBLEND","implemented","product-detail",""
"/menu/coco-cold-brew-s1434t2/","product-detail","200","Thức Coffee - Open 24/7 - COCO COLD BREW","implemented","product-detail",""
"/menu/coco-latte-s1400t2/","product-detail","200","Thức Coffee - Open 24/7 - COCO LATTE","implemented","product-detail",""
"/menu/coco-mango-s1472t2/","product-detail","200","Thức Coffee - Open 24/7 - COCO MANGO","implemented","product-detail",""
"/menu/coco-matcha-s1403t2/","product-detail","200","Thức Coffee - Open 24/7 - COCO MATCHA","implemented","product-detail",""
"/menu/combo-christmas-vanilla-peppermint-frozen-cake-s653t2/","product-detail","500","","missing","redirect-/menu","Product slug absent from local data"
"/menu/combo-frozen-blue-ocean-frozen-cake-s654t2/","product-detail","500","","missing","redirect-/menu","Product slug absent from local data"
"/menu/cookie-matcha-land-s201t2/","product-detail","200","Thức Coffee - Open 24/7 - COOKIE MATCHA LAND","implemented","product-detail",""
"/menu/egg-coffee-s1243t2/","product-detail","200","Thức Coffee - Open 24/7 - EGG COFFEE","implemented","product-detail",""
"/menu/espresso-s152t2/","product-detail","200","Thức Coffee - Open 24/7 - ESPRESSO","implemented","product-detail",""
"/menu/flan-gato-s1016t2/","product-detail","200","Thức Coffee - Open 24/7 - FLAN GATO","implemented","product-detail",""
"/menu/frozen-blue-ocean-s651t2/","product-detail","500","","missing","redirect-/menu","Product slug absent from local data"
"/menu/frozen-cake-s650t2/","product-detail","500","","missing","redirect-/menu","Product slug absent from local data"
"/menu/golden-berry-passion-tea-s1406t2/","product-detail","200","Thức Coffee - Open 24/7 - GOLDEN BERRY PASSION TEA","implemented","product-detail",""
"/menu/honey-lemon-cold-brew-s1436t2/","product-detail","200","Thức Coffee - Open 24/7 - HONEY LEMON COLD BREW","implemented","product-detail",""
"/menu/kumquat-cooler-s235t2/","product-detail","200","Thức Coffee - Open 24/7 - KUMQUAT COOLER","implemented","product-detail",""
"/menu/latte-coffee-s157t2/","product-detail","200","Thức Coffee - Open 24/7 - LATTE COFFEE","implemented","product-detail",""
"/menu/lemon-black-tea-s177t2/","product-detail","200","Thức Coffee - Open 24/7 - LEMON BLACK TEA","implemented","product-detail",""
"/menu/longan-tea-s1405t2/","product-detail","200","Thức Coffee - Open 24/7 - LONGAN TEA","implemented","product-detail",""
"/menu/lychee-mango-s1471t2/","product-detail","200","Thức Coffee - Open 24/7 - LYCHEE MANGO","implemented","product-detail",""
"/menu/lychee-tea-s1404t2/","product-detail","200","Thức Coffee - Open 24/7 - LYCHEE TEA","implemented","product-detail",""
"/menu/matcha-ib-s258t2/","product-detail","200","Thức Coffee - Open 24/7 - MATCHA IB","implemented","product-detail",""
"/menu/matcha-tea-latte-s169t2/","product-detail","200","Thức Coffee - Open 24/7 - MATCHA TEA LATTE","implemented","product-detail",""
"/menu/oolong-bubble-milk-tea-s184t2/","product-detail","200","Thức Coffee - Open 24/7 - OOLONG BUBBLE MILK TEA","implemented","product-detail",""
"/menu/orange-juice-s212t2/","product-detail","200","Thức Coffee - Open 24/7 - ORANGE JUICE","implemented","product-detail",""
"/menu/paloma-ice-tea-s743t2/","product-detail","200","Thức Coffee - Open 24/7 - PALOMA ICE TEA","implemented","product-detail",""
"/menu/passion-mango-cheese-s1018t2/","product-detail","200","Thức Coffee - Open 24/7 - PASSION MANGO CHEESE","implemented","product-detail",""
"/menu/rice-milk-tea-s1231t2/","product-detail","200","Thức Coffee - Open 24/7 - RICE MILK TEA","implemented","product-detail",""
"/menu/salted-creamfoam-choco-s1401t2/","product-detail","200","Thức Coffee - Open 24/7 - SALTED CREAMFOAM CHOCO","implemented","product-detail",""
"/menu/salted-milkfoam-coffee-s1000t2/","product-detail","200","Thức Coffee - Open 24/7 - SALTED MILKFOAM COFFEE","implemented","product-detail",""
"/menu/special-white-coffee-s882t2/","product-detail","200","Thức Coffee - Open 24/7 - SPECIAL WHITE COFFEE","implemented","product-detail",""
"/menu/strawberry-peach-tea-s1402t2/","product-detail","200","Thức Coffee - Open 24/7 - STRAWBERRY PEACH TEA","implemented","product-detail",""
"/menu/thuc-milk-tea-s195t2/","product-detail","200","Thức Coffee - Open 24/7 - THỨC MILK TEA","implemented","product-detail",""
"/menu/tiramisu-choco-s687t2/","product-detail","200","Thức Coffee - Open 24/7 - TIRAMISU CHOCO","implemented","product-detail",""
"/menu/white-coffee-s147t2/","product-detail","200","Thức Coffee - Open 24/7 - WHITE COFFEE","implemented","product-detail",""
"/chinh-sach/","static","200","Thức Coffee - Open 24/7 - Cookie & Policy","partial","static-page","Route exists but content is substantially abbreviated/synthetic"
"/chuong-trinh-thanh-vien/","static","200","Thức Coffee - Open 24/7 - Chính sách thành viên","partial","static-page","Route exists but content is substantially abbreviated/synthetic"
"/delivery/","static","200","Thức Coffee - Open 24/7 - Thức giao hàng","partial","static-page","Route exists but content is substantially abbreviated/synthetic"
"/gioi-thieu/","static","200","Thức Coffee - Open 24/7 - Về chúng tôi","partial","static-page","Route exists but content is substantially abbreviated/synthetic"
"/lien-he/","static","200","Thức Coffee - Open 24/7 - Liên Hệ","partial","static-page","Route exists but content is substantially abbreviated/synthetic"
"/tuyen-dung/","static","200","Thức Coffee - Open 24/7 - Tuyển Dụng","partial","static-page","Route exists but content is substantially abbreviated/synthetic"
"/cua-hang/","store-default","200","Thức Coffee - Open 24/7 - Cửa hàng","partial","store-list","Template/content differs from source default store page"
"/cua-hang/thuc-coffee-320-nguyen-thai-son-s106t2/","store-detail","200","Thức Coffee - Open 24/7 - Cửa hàng","partial","store-detail","Store data exists; source component/style parity requires visual check"
"/cua-hang/thuc-coffee-37-ly-tu-trong-s103t2/","store-detail","200","Thức Coffee - Open 24/7 - Cửa hàng","partial","store-detail","Store data exists; source component/style parity requires visual check"
"/cua-hang/thuc-coffee-40d-ly-tu-trong-s92t2/","store-detail","200","Thức Coffee - Open 24/7 - Cửa hàng","partial","store-detail","Store data exists; source component/style parity requires visual check"
"/cua-hang/thuc-coffee-42-cong-quynh-s99t2/","store-detail","200","Thức Coffee - Open 24/7 - Cửa hàng","partial","store-detail","Store data exists; source component/style parity requires visual check"
"/cua-hang/thuc-coffee-42-hoa-phuong-s605t2/","store-detail","200","Thức Coffee - Open 24/7 - Cửa hàng","partial","store-detail","Store data exists; source component/style parity requires visual check"
"/cua-hang/thuc-coffee-45-nguyen-oanh-s242t2/","store-detail","200","Thức Coffee - Open 24/7 - Cửa hàng","partial","store-detail","Store data exists; source component/style parity requires visual check"
"/cua-hang/thuc-coffee-duong-41-s931t2/","store-detail","200","Thức Coffee - Open 24/7 - Cửa hàng","partial","store-detail","Store data exists; source component/style parity requires visual check"
"/chuyen-cua-thuc/%E2%80%9C%F0%9D%91%BB%F0%9D%92%89%F0%9D%92%96%CC%9B%CC%81-%F0%9D%92%95%F0%9D%92%96%CC%9B-%F0%9D%92%97%F0%9D%92%96%F0%9D%92%8A-%F0%9D%92%97%F0%9D%92%86%CC%89%E2%80%9D-voi-free-upsize-va-banh-dong-gia-20k-s727t2/","story-detail","200","Thức Coffee - Open 24/7 - “&#119931;&#119945;&#119958;̛́ &#119957;&#119958;̛ &#119959;&#119958;&#119946; &#119959;&#119942;̉” với FREE UPSIZE và BÁNH đồng giá 20K","missing","redirect-/chuyen-cua-thuc","Story slug absent from local data"
"/chuyen-cua-thuc/%E2%80%9Can-le%E2%80%9D-o-sai-gon-co-gi-thu-vi--s721t2/","story-detail","200","Thức Coffee - Open 24/7 - “Ăn lễ” ở Sài Gòn có gì thú vị?","missing","redirect-/chuyen-cua-thuc","Story slug absent from local data"
"/chuyen-cua-thuc/%E2%80%9Cca-phe-da-xay%E2%80%9D-%E2%80%93-goi-y-hay-cho-ngay-nang-nong-%F0%9F%92%9E-s696t2/","story-detail","200","Thức Coffee - Open 24/7 - “Cà phê đá xay” – Gợi ý hay cho ngày nắng nóng &#128158;","missing","redirect-/chuyen-cua-thuc","Story slug absent from local data"
"/chuyen-cua-thuc/%E2%80%9Ccon-dau-lon-van-la-con-cua-me-di-het-doi-long-me-van-theo-con%E2%80%9D-s729t2/","story-detail","200","Thức Coffee - Open 24/7 - “Con dẫu lớn vẫn là còn của mẹ, đi hết đời lòng mẹ vẫn theo con”","missing","redirect-/chuyen-cua-thuc","Story slug absent from local data"
"/chuyen-cua-thuc/%E2%80%9Cem-khong-sai-chung-ta-cung-khong-sai%E2%80%9D-s733t2/","story-detail","200","Thức Coffee - Open 24/7 - “Em không sai, chúng ta cũng không sai”","missing","redirect-/chuyen-cua-thuc","Story slug absent from local data"
"/chuyen-cua-thuc/%E2%80%9Cxa%E2%80%9D-thuc-la-nho-%E2%80%9Cgan%E2%80%9D-anh-shipper-la-cuoi--s706t2/","story-detail","200","Thức Coffee - Open 24/7 - “Xa” Thức là nhớ, “gần” anh shipper là cười!","missing","redirect-/chuyen-cua-thuc","Story slug absent from local data"
"/chuyen-cua-thuc/%E2%80%BC%E2%80%BC-black-friday-giam-50-ap-dung-toan-he-thong-%E2%80%BC%EF%B8%8F%E2%80%BC%EF%B8%8F-s642t2/","story-detail","200","Thức Coffee - Open 24/7 - ‼‼ BLACK FRIDAY - GIẢM 50% - ÁP DỤNG TOÀN HỆ THỐNG ‼️‼️","missing","redirect-/chuyen-cua-thuc","Story slug absent from local data"
"/chuyen-cua-thuc/%E2%99%A8%EF%B8%8F%E2%99%A8%EF%B8%8F-ca-phe-tai-gia-khong-lo-ve-gia-%E2%99%A8%EF%B8%8F%E2%99%A8%EF%B8%8F-s683t2/","story-detail","200","Thức Coffee - Open 24/7 - ♨️♨️ CÀ PHÊ TẠI GIA - KHÔNG LO VỀ GIÁ ♨️♨️","missing","redirect-/chuyen-cua-thuc","Story slug absent from local data"
"/chuyen-cua-thuc/%E2%9A%A0%EF%B8%8F%E2%9A%A0%EF%B8%8F-thuc-cofffee-hoat-dong-xuyen-tet-%E2%9A%A0%EF%B8%8F%E2%9A%A0%EF%B8%8F-s667t2/","story-detail","200","Thức Coffee - Open 24/7 - ⚠️⚠️ THỨC COFFFEE - HOẠT ĐỘNG XUYÊN TẾT ⚠️⚠️","missing","redirect-/chuyen-cua-thuc","Story slug absent from local data"
"/chuyen-cua-thuc/%E2%9A%A1%EF%B8%8F%E2%9A%A1%EF%B8%8F-giam-20-freeship-freecall-%E2%9A%A1%EF%B8%8F%E2%9A%A1%EF%B8%8F-s510t2/","story-detail","200","Thức Coffee - Open 24/7 - ⚡️⚡️ GIẢM 20% - FREESHIP - FREECALL ⚡️⚡️","missing","redirect-/chuyen-cua-thuc","Story slug absent from local data"
"/chuyen-cua-thuc/%E2%9A%A1%EF%B8%8F%E2%9A%A1%EF%B8%8F-giam-20-freeship-freecall-%E2%9A%A1%EF%B8%8F%E2%9A%A1%EF%B8%8F-s511t2/","story-detail","200","Thức Coffee - Open 24/7 - ⚡️⚡️ GIẢM 20% - FREESHIP - FREECALL ⚡️⚡️","missing","redirect-/chuyen-cua-thuc","Story slug absent from local data"
"/chuyen-cua-thuc/%E2%9A%A1%EF%B8%8F%E2%9A%A1%EF%B8%8F-thuc-co-gi-hot-hot-gi-o-thuc-%E2%9A%A1%EF%B8%8F%E2%9A%A1%EF%B8%8F-s527t2/","story-detail","200","Thức Coffee - Open 24/7 - ⚡️⚡️ Thức có gì HOT?? HOT gì ở Thức?? ⚡️⚡️","missing","redirect-/chuyen-cua-thuc","Story slug absent from local data"
"/chuyen-cua-thuc/%E2%9A%A1%EF%B8%8F-du-dinh-duong-day-nang-luong-voi-combo-kaya-toast-white-coffee-%E2%9A%A1%EF%B8%8F-s1226t2/","story-detail","200","Thức Coffee - Open 24/7 - ⚡️ ĐỦ DINH DƯỠNG - ĐẦY NĂNG LƯỢNG với COMBO KAYA TOAST & WHITE COFFEE ⚡️","missing","redirect-/chuyen-cua-thuc","Story slug absent from local data"
"/chuyen-cua-thuc/%E2%9C%A8-vi-xuan-nhu-y-phu-quy-phat-tai-s1431t2/","story-detail","200","Thức Coffee - Open 24/7 - ✨ VỊ XUÂN NHƯ Ý - PHÚ QUÝ PHÁT TÀI","missing","redirect-/chuyen-cua-thuc","Story slug absent from local data"
"/chuyen-cua-thuc/%F0%9F%8C%99-combo-nguyet-vien-%E2%80%93-huong-vi-thu-ve-tai-thuc-coffee-%E2%9C%A8-s1397t2/","story-detail","200","Thức Coffee - Open 24/7 - &#127769; Combo Nguyệt Viên – hương vị thu về tại Thức Coffee ✨","missing","redirect-/chuyen-cua-thuc","Story slug absent from local data"
"/chuyen-cua-thuc/%F0%9F%8C%99-khuya-tinh-tao-tran-nang-luong-s1222t2/","story-detail","200","Thức Coffee - Open 24/7 - &#127769; KHUYA TỈNH TÁO - TRÀN NĂNG LƯỢNG","missing","redirect-/chuyen-cua-thuc","Story slug absent from local data"
"/chuyen-cua-thuc/%F0%9F%8C%9E-mot-ngum-khi-khat-vua-mat-vua-ngon-s756t2/","story-detail","200","Thức Coffee - Open 24/7 - &#127774; MỘT NGỤM KHI KHÁT, VỪA MÁT - VỪA NGON","missing","redirect-/chuyen-cua-thuc","Story slug absent from local data"
"/chuyen-cua-thuc/%F0%9F%8C%9F%F0%9F%8C%9F-giua-tuan-vui-ve-ca-tuan-deu-vuiiii-%F0%9F%8C%9F%F0%9F%8C%9F-s534t2/","story-detail","200","Thức Coffee - Open 24/7 - &#127775;&#127775; Giữa tuần vui vẻ, cả tuần đều vuiiii &#127775;&#127775;","missing","redirect-/chuyen-cua-thuc","Story slug absent from local data"
"/chuyen-cua-thuc/%F0%9F%8C%9F%F0%9F%8C%9F-giua-tuan-vui-ve-ca-tuan-deu-vuiiii-%F0%9F%8C%9F%F0%9F%8C%9F-s535t2/","story-detail","200","Thức Coffee - Open 24/7 - &#127775;&#127775; Giữa tuần vui vẻ, cả tuần đều vuiiii &#127775;&#127775;","missing","redirect-/chuyen-cua-thuc","Story slug absent from local data"
"/chuyen-cua-thuc/%F0%9F%8C%9F-ngay-hoi-khai-truong-thuc-hoa-phuong-%F0%9F%8C%9F-s603t2/","story-detail","200","Thức Coffee - Open 24/7 - &#127775; NGÀY HỘI KHAI TRƯƠNG THỨC HOA PHƯỢNG &#127775;","missing","redirect-/chuyen-cua-thuc","Story slug absent from local data"
"/chuyen-cua-thuc/%F0%9F%8C%B4%F0%9F%8C%B4%F0%9F%8C%B4-mua-he-nay-thuc-co-gi--s544t2/","story-detail","200","Thức Coffee - Open 24/7 - &#127796;&#127796;&#127796; Mùa hè này Thức có gì ??","missing","redirect-/chuyen-cua-thuc","Story slug absent from local data"
"/chuyen-cua-thuc/%F0%9F%8C%B4-summer-vibes-cung-thuc-mang-he-den-gan-ban-%F0%9F%8C%B4-s746t2/","story-detail","200","Thức Coffee - Open 24/7 - &#127796; SUMMER VIBES - cùng Thức mang hè đến gần bạn &#127796;","missing","redirect-/chuyen-cua-thuc","Story slug absent from local data"
"/chuyen-cua-thuc/%F0%9F%8C%B7%F0%9F%8C%B7-hoa-xinh-trao-nang-thay-ngan-yeu-thuong-%F0%9F%8C%B7%F0%9F%8C%B7-s679t2/","story-detail","200","Thức Coffee - Open 24/7 - &#127799;&#127799; HOA XINH TRAO NÀNG - THAY NGÀN YÊU THƯƠNG &#127799;&#127799;","missing","redirect-/chuyen-cua-thuc","Story slug absent from local data"
"/chuyen-cua-thuc/%F0%9F%8C%B8-20-10-cuoi-tuoi-nhu-hoa-nhan-qua-thoa-thich--s790t2/","story-detail","200","Thức Coffee - Open 24/7 - &#127800; 20/10 - Cười tươi như hoa - Nhận quà thoả thích!","missing","redirect-/chuyen-cua-thuc","Story slug absent from local data"
"/chuyen-cua-thuc/%F0%9F%8C%B9%F0%9F%8C%BC-tu-quy-tra-hoa-vui-don-tet-ta-%F0%9F%8C%BC%F0%9F%8C%B9-s820t2/","story-detail","200","Thức Coffee - Open 24/7 - &#127801;&#127804; TỨ QUÝ TRÀ HOA - VUI ĐÓN TẾT TA &#127804;&#127801;","missing","redirect-/chuyen-cua-thuc","Story slug absent from local data"
"/chuyen-cua-thuc/%F0%9F%8C%B9-tra-hoa-hong-phuc-%F0%9F%8C%B9-s830t2/","story-detail","200","Thức Coffee - Open 24/7 - &#127801; TRÀ HOA HỒNG PHÚC &#127801;","missing","redirect-/chuyen-cua-thuc","Story slug absent from local data"
"/chuyen-cua-thuc/%F0%9F%8C%BC%F0%9F%8C%B8-hoa-xuan-tu-quy-don-tet-nhu-y%F0%9F%8C%BC%F0%9F%8C%B8-s888t2/","story-detail","200","Thức Coffee - Open 24/7 - &#127804;&#127800; HOA XUÂN TỨ QUÝ, ĐÓN TẾT NHƯ Ý&#127804;&#127800;","missing","redirect-/chuyen-cua-thuc","Story slug absent from local data"
"/chuyen-cua-thuc/%F0%9F%8C%BC-giai-nhiet-ngay-nang-nong-voi-bo-tu-tra-hoa-top-seller-tai-thuc-coffee--s910t2/","story-detail","200","Thức Coffee - Open 24/7 - &#127804; Giải nhiệt ngày nắng nóng với BỘ TỨ TRÀ HOA - TOP SELLER tại Thức Coffee.","missing","redirect-/chuyen-cua-thuc","Story slug absent from local data"
"/chuyen-cua-thuc/%F0%9F%8C%BC-thuong-tra-hoa-cuc-don-trang-ram-s1054t2/","story-detail","200","Thức Coffee - Open 24/7 - &#127804; THƯỞNG TRÀ HOA CÚC ĐÓN TRĂNG RẰM","missing","redirect-/chuyen-cua-thuc","Story slug absent from local data"
"/chuyen-cua-thuc/%F0%9F%8C%BC-tra-cuc-loc-phat-%F0%9F%8C%BC-s829t2/","story-detail","200","Thức Coffee - Open 24/7 - &#127804; Trà Cúc Lộc Phát &#127804;","missing","redirect-/chuyen-cua-thuc","Story slug absent from local data"
"/chuyen-cua-thuc/%F0%9F%8C%BC-tu-quy-tra-hoa-vui-don-tet-ta-%F0%9F%8C%BC-s835t2/","story-detail","200","Thức Coffee - Open 24/7 - &#127804; Tứ Quý Trà Hoa - Vui Đón Tết Ta &#127804;","missing","redirect-/chuyen-cua-thuc","Story slug absent from local data"
"/chuyen-cua-thuc/%F0%9F%8C%BF-fan-cung-matcha-khong-the-bo-qua-matcha-kafe-cua-thuc-coffee--s1038t2/","story-detail","200","Thức Coffee - Open 24/7 - &#127807; Fan cứng MATCHA không thể bỏ qua, MATCHA KAFÉ của Thức Coffee.","missing","redirect-/chuyen-cua-thuc","Story slug absent from local data"
"/chuyen-cua-thuc/%F0%9F%8D%83-doi-moi-huong-vi-cung-bo-doi-banana-vibes-tai-thuc-coffee--s1382t2/","story-detail","200","Thức Coffee - Open 24/7 - &#127811; Đổi mới hương vị cùng Bộ đôi BANANA VIBES tại Thức Coffee.","missing","redirect-/chuyen-cua-thuc","Story slug absent from local data"
"/chuyen-cua-thuc/%F0%9F%8D%93%F0%9F%8D%8B%F0%9F%8D%91-trai-cay-nhiet-doi-tuoi-mat-don-chao-sac-he-phan-khoi--s844t2/","story-detail","200","Thức Coffee - Open 24/7 - &#127827;&#127819;&#127825; TRÁI CÂY NHIỆT ĐỚI TƯƠI MÁT, ĐÓN CHÀO SẮC HÈ PHẤN KHỞI.","missing","redirect-/chuyen-cua-thuc","Story slug absent from local data"
"/chuyen-cua-thuc/%F0%9F%8D%93%F0%9F%8D%8B%F0%9F%8D%91-tropical-fruit-breeze-bo-doi-trai-cay-da-xay-mat-lanh--s850t2/","story-detail","200","Thức Coffee - Open 24/7 - &#127827;&#127819;&#127825; TROPICAL FRUIT BREEZE - Bộ đôi trái cây đá xay mát lạnh.","missing","redirect-/chuyen-cua-thuc","Story slug absent from local data"
"/chuyen-cua-thuc/%F0%9F%8D%AD%F0%9F%8D%AD%F0%9F%8D%AD-lay-keo-hay-bi-gheo-%F0%9F%91%BB%F0%9F%91%BB%F0%9F%91%BB-s477t2/","story-detail","200","Thức Coffee - Open 24/7 - &#127853;&#127853;&#127853; LẤY KẸO HAY BỊ GHẸO &#128123;&#128123;&#128123;","missing","redirect-/chuyen-cua-thuc","Story slug absent from local data"
"/chuyen-cua-thuc/%F0%9F%8D%B0-happy-day-free-upszie-dong-gia-banh-20-000d-s795t2/","story-detail","200","Thức Coffee - Open 24/7 - &#127856; HAPPY DAY - FREE UPSZIE - ĐỒNG GIÁ BÁNH 20.000Đ","missing","redirect-/chuyen-cua-thuc","Story slug absent from local data"
"/chuyen-cua-thuc/%F0%9F%8E%80%F0%9F%8E%80%F0%9F%8E%80-den-thuc-coffee-nhan-bao-li-xi-%F0%9F%8E%80%F0%9F%8E%80%F0%9F%8E%80-s664t2/","story-detail","200","Thức Coffee - Open 24/7 - &#127872;&#127872;&#127872; ĐẾN THỨC COFFEE - NHẬN BAO LÌ XÌ &#127872;&#127872;&#127872;","missing","redirect-/chuyen-cua-thuc","Story slug absent from local data"
"/chuyen-cua-thuc/%F0%9F%8E%80-song-khoe-tron-ven-cung-healthy-day--s781t2/","story-detail","200","Thức Coffee - Open 24/7 - &#127872; Sống khoẻ trọn vẹn cùng HEALTHY DAY.","missing","redirect-/chuyen-cua-thuc","Story slug absent from local data"
"/chuyen-cua-thuc/%F0%9F%8E%83-mua-le-hoi-halloween-da-den--s792t2/","story-detail","200","Thức Coffee - Open 24/7 - &#127875; Mùa lễ hội Halloween đã đến!","missing","redirect-/chuyen-cua-thuc","Story slug absent from local data"
"/chuyen-cua-thuc/%F0%9F%8E%84%F0%9F%8E%84%F0%9F%8E%84-christmas-time-christmas-collection-%F0%9F%8E%84%F0%9F%8E%84%F0%9F%8E%84-s647t2/","story-detail","200","Thức Coffee - Open 24/7 - &#127876;&#127876;&#127876; CHRISTMAS TIME - CHRISTMAS COLLECTION &#127876;&#127876;&#127876;","missing","redirect-/chuyen-cua-thuc","Story slug absent from local data"
"/chuyen-cua-thuc/%F0%9F%8E%84-christmas-combo-%F0%9F%8E%84-s1412t2/","story-detail","200","Thức Coffee - Open 24/7 - &#127876; CHRISTMAS COMBO &#127876;","missing","redirect-/chuyen-cua-thuc","Story slug absent from local data"
"/chuyen-cua-thuc/%F0%9F%8E%84-don-giang-sinh-cung-bo-doi-green-red-christmas-collection-2024-%E2%98%83%EF%B8%8F-s1292t2/","story-detail","200","Thức Coffee - Open 24/7 - &#127876; ĐÓN GIÁNG SINH CÙNG BỘ ĐÔI GREEN-RED : CHRISTMAS COLLECTION 2024 ☃️","missing","redirect-/chuyen-cua-thuc","Story slug absent from local data"
"/chuyen-cua-thuc/%F0%9F%8E%84-holiday-signature-drinks-%F0%9F%8E%84-s806t2/","story-detail","200","Thức Coffee - Open 24/7 - &#127876; HOLIDAY SIGNATURE DRINKS &#127876;","missing","redirect-/chuyen-cua-thuc","Story slug absent from local data"
"/chuyen-cua-thuc/%F0%9F%8E%84-jingle-bells-jingle-bells-jingle-all-the-way-%F0%9F%8E%84-s874t2/","story-detail","200","Thức Coffee - Open 24/7 - &#127876; Jingle bells, jingle bells. Jingle all the way... &#127876;","missing","redirect-/chuyen-cua-thuc","Story slug absent from local data"
"/chuyen-cua-thuc/%F0%9F%8E%84-mua-giang-sinh-ve-thuc-co-dieu-muon-he-lo-%F0%9F%8E%84-s1411t2/","story-detail","200","Thức Coffee - Open 24/7 - &#127876; MÙA GIÁNG SINH VỀ, THỨC CÓ ĐIỀU MUỐN HÉ LỘ &#127876;","missing","redirect-/chuyen-cua-thuc","Story slug absent from local data"
"/chuyen-cua-thuc/%F0%9F%8E%84-thang-12-luon-la-thang-duoc-yeu-thich-nhat-trong-nam-vi-sao-u--s815t2/","story-detail","200","Thức Coffee - Open 24/7 - &#127876; Tháng 12 luôn là tháng được yêu thích nhất trong năm. Vì sao ư?","missing","redirect-/chuyen-cua-thuc","Story slug absent from local data"
"/chuyen-cua-thuc/%F0%9F%8E%86-%F0%9D%90%87%F0%9D%90%80%F0%9D%90%8F%F0%9D%90%8F%F0%9D%90%98-%F0%9D%90%8D%F0%9D%90%84%F0%9D%90%96-%F0%9D%90%98%F0%9D%90%84%F0%9D%90%80%F0%9D%90%91-%F0%9D%9F%90%F0%9D%9F%8E%F0%9D%9F%90%F0%9D%9F%8E-%F0%9F%8E%86-s659t2/","story-detail","200","Thức Coffee - Open 24/7 - &#127878; &#119815;&#119808;&#119823;&#119823;&#119832; &#119821;&#119812;&#119830; &#119832;&#119812;&#119808;&#119825; &#120784;&#120782;&#120784;&#120782; &#127878;","missing","redirect-/chuyen-cua-thuc","Story slug absent from local data"
"/chuyen-cua-thuc/%F0%9F%8E%86-happy-new-year-2023-%F0%9F%8E%86-s972t2/","story-detail","200","Thức Coffee - Open 24/7 - &#127878; HAPPY NEW YEAR 2023 &#127878;","missing","redirect-/chuyen-cua-thuc","Story slug absent from local data"
"/chuyen-cua-thuc/%F0%9F%8E%88-10-years-of-thuc-coffee-%F0%9F%8E%88-s952t2/","story-detail","200","Thức Coffee - Open 24/7 - &#127880; 10 YEARS OF THUC COFFEE &#127880;","missing","redirect-/chuyen-cua-thuc","Story slug absent from local data"
"/chuyen-cua-thuc/%F0%9F%8E%89-%F0%9D%90%93%F0%9D%90%A1%F0%9D%90%AE%CC%9B%CC%81%F0%9D%90%9C-%F0%9D%90%82%F0%9D%90%A8%F0%9D%90%9F%F0%9D%90%9F%F0%9D%90%9E%F0%9D%90%9E-%F0%9D%9F%91%F0%9D%9F%90%F0%9D%9F%8E-%F0%9D%90%8D%F0%9D%90%A0%F0%9D%90%AE%F0%9D%90%B2%F0%9D%90%9E%CC%82%CC%83%F0%9D%90%A7-%F0%9D%90%93%F0%9D%90%A1%F0%9D%90%9A%CC%81%F0%9D%90%A2-%F0%9D%90%92%F0%9D%90%A8%CC%9B%F0%9D%90%A7-tro-lai-%F0%9D%90%A1%F0%9D%90%A8%F0%9D%90%9A%CC%A3%F0%9D%90%AD-d%F0%9D%90%A8%CC%A3%CC%82%F0%9D%90%A7%F0%9D%90%A0-%F0%9D%9F%90%F0%9D%9F%92%F0%9D%90%87-tu-hom-nay--s732t2/","story-detail","200","Thức Coffee - Open 24/7 - &#127881; &#119827;&#119841;&#119854;̛́&#119836; &#119810;&#119848;&#119839;&#119839;&#119838;&#119838; &#120785;&#120784;&#120782; &#119821;&#119840;&#119854;&#119858;&#119838;̂̃&#119847; &#119827;&#119841;&#119834;́&#119842; &#119826;&#119848;̛&#119847; trở lại &#119841;&#119848;&#119834;̣&#119853; đ&#119848;̣̂&#119847;&#119840; &#120784;&#120786;&#119815; từ hôm nay.","missing","redirect-/chuyen-cua-thuc","Story slug absent from local data"
"/chuyen-cua-thuc/%F0%9F%8E%89%F0%9F%8E%89-don-chao-%F0%9D%90%93%F0%9D%90%A1%F0%9D%90%AE%CC%9B%CC%81%F0%9D%90%9C-%F0%9D%90%82%F0%9D%90%A8%F0%9D%90%9F%F0%9D%90%9F%F0%9D%90%9E%F0%9D%90%9E-%F0%9D%9F%92%F0%9D%9F%90-%F0%9D%90%87%F0%9D%90%A8%F0%9D%90%9A-%F0%9D%90%8F%F0%9D%90%A1%F0%9D%90%AE%CC%9B%F0%9D%90%A8%CC%9B%CC%A3%F0%9D%90%A7%F0%9D%90%A0-quay-lai-%F0%9D%90%A1%F0%9D%90%A8%F0%9D%90%9A%CC%A3%F0%9D%90%AD-d%F0%9D%90%A8%CC%A3%CC%82%F0%9D%90%A7%F0%9D%90%A0-%F0%9D%9F%90%F0%9D%9F%92%F0%9D%90%87-%F0%9F%8E%89%F0%9F%8E%89-s726t2/","story-detail","200","Thức Coffee - Open 24/7 - &#127881;&#127881; Đón chào &#119827;&#119841;&#119854;̛́&#119836; &#119810;&#119848;&#119839;&#119839;&#119838;&#119838; &#120786;&#120784; &#119815;&#119848;&#119834; &#119823;&#119841;&#119854;̛&#119848;̛̣&#119847;&#119840; quay lại &#119841;&#119848;&#119834;̣&#119853; đ&#119848;̣̂&#119847;&#119840; &#120784;&#120786;&#119815; &#127881;&#127881;","missing","redirect-/chuyen-cua-thuc","Story slug absent from local data"
"/chuyen-cua-thuc/%F0%9F%8E%89%F0%9F%8E%89-li-xi-ca-phe-sang-dau-nam-%F0%9F%8E%89%F0%9F%8E%89-s656t2/","story-detail","200","Thức Coffee - Open 24/7 - &#127881;&#127881; LÌ XÌ CÀ PHÊ SÁNG ĐẦU NĂM &#127881;&#127881;","missing","redirect-/chuyen-cua-thuc","Story slug absent from local data"
"/chuyen-cua-thuc/%F0%9F%8E%89%F0%9F%8E%89-thoa-suc-%F0%9D%98%BE%F0%9D%99%83%F0%9D%99%80%F0%9D%98%BE%F0%9D%99%86-%F0%9D%99%84%F0%9D%99%89-nhan-ngay-uu-dai-%F0%9F%8E%89%F0%9F%8E%89-s536t2/","story-detail","200","Thức Coffee - Open 24/7 - &#127881;&#127881; Thoả sức &#120382;&#120387;&#120384;&#120382;&#120390;-&#120388;&#120393;, nhận ngay ƯU ĐÃI &#127881;&#127881;","missing","redirect-/chuyen-cua-thuc","Story slug absent from local data"
"/chuyen-cua-thuc/%F0%9F%8E%89%F0%9F%8E%89-uu-dai-cuoi-tuan-voi-deal-dam-%E2%80%9Cmua-2-tang-1%E2%80%9D%F0%9F%8E%89%F0%9F%8E%89-s697t2/","story-detail","200","Thức Coffee - Open 24/7 - &#127881;&#127881; Ưu đãi cuối tuần với deal đậm “MUA 2 TẶNG 1”&#127881;&#127881;","missing","redirect-/chuyen-cua-thuc","Story slug absent from local data"
"/chuyen-cua-thuc/%F0%9F%8E%89-dai-tiec-tan-nien-thuc-khao-trien-mien-%F0%9F%8E%89-s901t2/","story-detail","200","Thức Coffee - Open 24/7 - &#127881; ĐẠI TIỆC TÂN NIÊN - THỨC KHAO TRIỀN MIÊN &#127881;","missing","redirect-/chuyen-cua-thuc","Story slug absent from local data"
"/chuyen-cua-thuc/%F0%9F%8E%89-dau-xuan-don-loc-ca-nam-may-man-%F0%9F%8E%89-s831t2/","story-detail","200","Thức Coffee - Open 24/7 - &#127881; Đầu xuân đón lộc, cả năm may mắn &#127881;","missing","redirect-/chuyen-cua-thuc","Story slug absent from local data"
"/chuyen-cua-thuc/%F0%9F%8E%89-den-thuc-coffee-nhan-bao-li-xi-voi-hoa-don-bat-ki-%F0%9F%8E%89-s974t2/","story-detail","200","Thức Coffee - Open 24/7 - &#127881; ĐẾN THỨC COFFEE, NHẬN BAO LÌ XÌ, VỚI HOÁ ĐƠN BẤT KÌ &#127881;","missing","redirect-/chuyen-cua-thuc","Story slug absent from local data"
"/chuyen-cua-thuc/%F0%9F%8E%89-doi-diem-tich-luy-vui-he-het-y%F0%9F%8E%89-s1455t2/","story-detail","200","Thức Coffee - Open 24/7 - &#127881; ĐỔI ĐIỂM TÍCH LUỸ - VUI HÈ HẾT Ý&#127881;","missing","redirect-/chuyen-cua-thuc","Story slug absent from local data"
"/chuyen-cua-thuc/%F0%9F%8E%89-don-he-kool-fresh-cung-combo-cuc-chill-s1022t2/","story-detail","200","Thức Coffee - Open 24/7 - &#127881; ĐÓN HÈ KOOL-FRESH CÙNG COMBO CỰC CHILL","missing","redirect-/chuyen-cua-thuc","Story slug absent from local data"
"/chuyen-cua-thuc/%F0%9F%8E%89-happy-women-s-day-ghe-thuc-ngay-qua-trao-tay-%F0%9F%8E%89-s837t2/","story-detail","200","Thức Coffee - Open 24/7 - &#127881; HAPPY WOMEN’S DAY - GHÉ THỨC NGAY, QUÀ TRAO TAY &#127881;","missing","redirect-/chuyen-cua-thuc","Story slug absent from local data"
"/chuyen-cua-thuc/%F0%9F%8E%89sinh-nhat-lan-6-qua-sieu-doc-dao-%F0%9F%8E%89-s462t2/","story-detail","200","Thức Coffee - Open 24/7 - &#127881;Sinh nhật lần 6 - Quà siêu độc đáo &#127881;","missing","redirect-/chuyen-cua-thuc","Story slug absent from local data"
"/chuyen-cua-thuc/%F0%9F%8E%89-thang-12-%E2%80%93-doi-diem-lien-tay-qua-bay-ve-nha-%F0%9F%8E%89-s1085t2/","story-detail","200","Thức Coffee - Open 24/7 - &#127881; THÁNG 12 – ĐỔI ĐIỂM LIỀN TAY, QUÀ BAY VỀ NHÀ! &#127881;","missing","redirect-/chuyen-cua-thuc","Story slug absent from local data"
"/chuyen-cua-thuc/%F0%9F%8E%89-thuc-coffee-hoat-dong-xuyen-tet-%F0%9F%8E%89-s828t2/","story-detail","200","Thức Coffee - Open 24/7 - &#127881; THỨC COFFEE HOẠT ĐỘNG XUYÊN TẾT &#127881;","missing","redirect-/chuyen-cua-thuc","Story slug absent from local data"
"/chuyen-cua-thuc/%F0%9F%8E%89voucher-day-moi-ngay-deu-hay--s406t2/","story-detail","200","Thức Coffee - Open 24/7 - &#127881;VOUCHER đây - Mỗi ngày đều hay!","missing","redirect-/chuyen-cua-thuc","Story slug absent from local data"
"/chuyen-cua-thuc/%F0%9F%8E%8A-%F0%9D%90%93%F0%9D%90%A1%F0%9D%90%AE%CC%9B%CC%81%F0%9D%90%9C-%F0%9D%90%82%F0%9D%90%A8%F0%9D%90%9F%F0%9D%90%9F%F0%9D%90%9E%F0%9D%90%9E-%F0%9D%9F%92%F0%9D%9F%96-%F0%9D%90%87%F0%9D%90%AE%F0%9D%90%B2%CC%80%F0%9D%90%A7%F0%9D%90%A1-%F0%9D%90%93%F0%9D%90%A1%F0%9D%90%AE%CC%81%F0%9D%90%9C-%F0%9D%90%8A%F0%9D%90%A1%F0%9D%90%9A%CC%81%F0%9D%90%A7%F0%9D%90%A0-quay-lai-%F0%9D%90%A1%F0%9D%90%A8%F0%9D%90%9A%CC%A3%F0%9D%90%AD-d%F0%9D%90%A8%CC%A3%CC%82%F0%9D%90%A7%F0%9D%90%A0-%F0%9D%9F%90%F0%9D%9F%92%F0%9D%90%87--s731t2/","story-detail","200","Thức Coffee - Open 24/7 - &#127882; &#119827;&#119841;&#119854;̛́&#119836; &#119810;&#119848;&#119839;&#119839;&#119838;&#119838; &#120786;&#120790; &#119815;&#119854;&#119858;̀&#119847;&#119841; &#119827;&#119841;&#119854;́&#119836; &#119818;&#119841;&#119834;́&#119847;&#119840; quay lại &#119841;&#119848;&#119834;̣&#119853; đ&#119848;̣̂&#119847;&#119840; &#120784;&#120786;&#119815;.","missing","redirect-/chuyen-cua-thuc","Story slug absent from local data"
"/chuyen-cua-thuc/%F0%9F%8E%8A%F0%9F%8E%8A-cuoi-tuan-them-vui-voi-deal-dam-mua-2-tang-1-%F0%9F%8E%8A%F0%9F%8E%8A-s693t2/","story-detail","200","Thức Coffee - Open 24/7 - &#127882;&#127882; Cuối tuần thêm vui với ""deal đậm"" MUA 2 TẶNG 1 &#127882;&#127882;","missing","redirect-/chuyen-cua-thuc","Story slug absent from local data"
"/chuyen-cua-thuc/%F0%9F%8E%8A%F0%9F%8E%8A-dau-tuan-da-co-%E2%80%9Chot-deal%E2%80%9D-%F0%9F%8E%8A%F0%9F%8E%8A-s698t2/","story-detail","200","Thức Coffee - Open 24/7 - &#127882;&#127882; Đầu tuần đã có “hot deal” &#127882;&#127882;","missing","redirect-/chuyen-cua-thuc","Story slug absent from local data"
"/chuyen-cua-thuc/%F0%9F%8E%8A%F0%9F%8E%8A-tam-su-nho-uu-dai-to-voi-%E2%80%9Chot-deal%E2%80%9D-%F0%9F%8E%8A%F0%9F%8E%8A-s699t2/","story-detail","200","Thức Coffee - Open 24/7 - &#127882;&#127882; Tâm sự nhỏ, ưu đãi to với “Hot Deal” &#127882;&#127882;","missing","redirect-/chuyen-cua-thuc","Story slug absent from local data"
"/chuyen-cua-thuc/%F0%9F%8E%8A-happy-new-year-2022-%F0%9F%8E%8A-s886t2/","story-detail","200","Thức Coffee - Open 24/7 - &#127882; HAPPY NEW YEAR 2022 &#127882;","missing","redirect-/chuyen-cua-thuc","Story slug absent from local data"
"/chuyen-cua-thuc/%F0%9F%8E%8A-li-xi-loc-vang-vui-xuan-ron-rang-%F0%9F%8E%8A-s834t2/","story-detail","200","Thức Coffee - Open 24/7 - &#127882; Lì Xì Lộc Vàng - Vui Xuân Rộn Ràng &#127882;","missing","redirect-/chuyen-cua-thuc","Story slug absent from local data"
"/chuyen-cua-thuc/%F0%9F%8E%8A-nhan-ngay-bao-li-xi-voi-hoa-don-bat-ki-tai-thuc-coffee--s819t2/","story-detail","200","Thức Coffee - Open 24/7 - &#127882; Nhận ngay BAO LÌ XÌ với hoá đơn BẤT KÌ tại Thức Coffee.","missing","redirect-/chuyen-cua-thuc","Story slug absent from local data"
"/chuyen-cua-thuc/%F0%9F%8E%B6-jingle-bell-jingle-bell-jingle-on-the-way--s813t2/","story-detail","200","Thức Coffee - Open 24/7 - &#127926; Jingle bell, jingle bell, jingle on the way...","missing","redirect-/chuyen-cua-thuc","Story slug absent from local data"
"/chuyen-cua-thuc/%F0%9F%8F%AE-trung-thu-tray-hoi-cung-dong-doi-s788t2/","story-detail","200","Thức Coffee - Open 24/7 - &#127982; TRUNG THU TRẨY HỘI CÙNG ĐỒNG ĐỘI","missing","redirect-/chuyen-cua-thuc","Story slug absent from local data"
"/chuyen-cua-thuc/%F0%9F%91%89-ban-da-san-sang-chao-don-%E2%80%9Ccap-doi-thanh-mat%E2%80%9D-den-tu-dong-tra-trai-cay-nhiet-doi-dam-chat-mua-he-cua-thuc-chua--s739t2/","story-detail","200","Thức Coffee - Open 24/7 - &#128073; Bạn đã sẵn sàng chào đón “Cặp đôi thanh mát” đến từ dòng trà trái cây nhiệt đới đậm chất mùa hè của Thức chưa ?","missing","redirect-/chuyen-cua-thuc","Story slug absent from local data"
"/chuyen-cua-thuc/%F0%9F%91%89-ban-nghien-mon-tra-trai-cay-nao-o-thuc-nho--s734t2/","story-detail","200","Thức Coffee - Open 24/7 - &#128073; Bạn nghiện món trà trái cây nào ở Thức nhở?","missing","redirect-/chuyen-cua-thuc","Story slug absent from local data"
"/chuyen-cua-thuc/%F0%9F%91%89-dieu-dau-tien-ban-lam-sau-khi-het-dich-la-gi--s711t2/","story-detail","200","Thức Coffee - Open 24/7 - &#128073; Điều đầu tiên bạn làm sau khi hết dịch là gì?","missing","redirect-/chuyen-cua-thuc","Story slug absent from local data"
"/chuyen-cua-thuc/%F0%9F%91%89-ke-hoach-cua-ban-trong-%E2%80%9C14-day-quarantine%E2%80%9D-la-gi--s694t2/","story-detail","200","Thức Coffee - Open 24/7 - &#128073; Kế hoạch của bạn trong “14 - day quarantine” là gì?","missing","redirect-/chuyen-cua-thuc","Story slug absent from local data"
"/chuyen-cua-thuc/%F0%9F%91%89-thu-ba-luon-la-ngay-khoe-khoan-nhat-s814t2/","story-detail","200","Thức Coffee - Open 24/7 - &#128073; THỨ BA luôn là ngày khoẻ khoắn nhất","missing","redirect-/chuyen-cua-thuc","Story slug absent from local data"
"/chuyen-cua-thuc/%F0%9F%91%8Dco-hoi-chi-co-mot-dung-bo-lo-%E2%9D%97%EF%B8%8F%E2%9D%97%EF%B8%8F%E2%9D%97%EF%B8%8F-s622t2/","story-detail","200","Thức Coffee - Open 24/7 - &#128077;Cơ hội chỉ có một, đừng bỏ lỡ ❗️❗️❗️","missing","redirect-/chuyen-cua-thuc","Story slug absent from local data"
"/chuyen-cua-thuc/%F0%9F%91%BB%F0%9F%91%BB-nhat-quy-nhi-ma-thu-ba-hoc-tro-s624t2/","story-detail","200","Thức Coffee - Open 24/7 - &#128123;&#128123; Nhất quỷ - Nhì ma - Thứ ba học trò","missing","redirect-/chuyen-cua-thuc","Story slug absent from local data"
"/chuyen-cua-thuc/%F0%9F%91%BB%F0%9F%91%BB-nhat-quy-nhi-ma-thu-ba-hoc-tro-vay-thu-tu-la-gi-%E2%9D%93%E2%9D%93-s625t2/","story-detail","200","Thức Coffee - Open 24/7 - &#128123;&#128123; Nhất quỷ - Nhì ma - Thứ ba học trò - Vậy thứ tư là gì ❓❓","missing","redirect-/chuyen-cua-thuc","Story slug absent from local data"
"/chuyen-cua-thuc/%F0%9F%92%80-ban-se-thich-mot-halloween-dang-so-hay-mot-mua-halloween-dang-nho-%F0%9F%91%BB%F0%9F%91%BB-s636t2/","story-detail","200","Thức Coffee - Open 24/7 - &#128128; Bạn sẽ thích một Halloween đáng sợ hay một mùa Halloween đáng nhớ &#128123;&#128123;","missing","redirect-/chuyen-cua-thuc","Story slug absent from local data"
"/chuyen-cua-thuc/%F0%9F%92%83-la-con-gai-phai-xinh-happy-women-s-day-8-3-%F0%9F%92%90-s1451t2/","story-detail","200","Thức Coffee - Open 24/7 - &#128131; LÀ CON GÁI PHẢI XINH - HAPPY WOMEN'S DAY 8/3 &#128144;","missing","redirect-/chuyen-cua-thuc","Story slug absent from local data"
"/chuyen-cua-thuc/%F0%9F%92%90-happy-teacher-s-day-s805t2/","story-detail","200","Thức Coffee - Open 24/7 - &#128144; HAPPY TEACHER'S DAY","missing","redirect-/chuyen-cua-thuc","Story slug absent from local data"
"/chuyen-cua-thuc/%F0%9F%92%93%F0%9F%92%93%F0%9F%92%93-single-day-%F0%9F%92%93%F0%9F%92%93%F0%9F%92%93-s638t2/","story-detail","200","Thức Coffee - Open 24/7 - &#128147;&#128147;&#128147; SINGLE DAY &#128147;&#128147;&#128147;","missing","redirect-/chuyen-cua-thuc","Story slug absent from local data"
"/chuyen-cua-thuc/%F0%9F%92%93-tet-thay-ao-moi-don-xuan-phoi-phoi-%F0%9F%92%93-s833t2/","story-detail","200","Thức Coffee - Open 24/7 - &#128147; Tết thay áo mới, đón xuân phơi phới &#128147;","missing","redirect-/chuyen-cua-thuc","Story slug absent from local data"
"/chuyen-cua-thuc/%F0%9F%92%95%F0%9F%92%95%F0%9F%92%95-happy-valentine-s-day-%F0%9F%92%95%F0%9F%92%95%F0%9F%92%95-s513t2/","story-detail","200","Thức Coffee - Open 24/7 - &#128149;&#128149;&#128149; Happy Valentine’s Day &#128149;&#128149;&#128149;","missing","redirect-/chuyen-cua-thuc","Story slug absent from local data"
"/chuyen-cua-thuc/%F0%9F%92%95%F0%9F%92%95-valentine-den-uu-dai-tinh-nhan-ve-%F0%9F%92%95%F0%9F%92%95-s674t2/","story-detail","200","Thức Coffee - Open 24/7 - &#128149;&#128149; VALENTINE ĐẾN - ƯU ĐÃI ""TÌNH NHÂN"" VỀ &#128149;&#128149;","missing","redirect-/chuyen-cua-thuc","Story slug absent from local data"
"/chuyen-cua-thuc/%F0%9F%92%9B%F0%9F%92%9B-ngay-cua-nang-hay-san-sang-den-thuc-%F0%9F%92%9B%F0%9F%92%9B-s521t2/","story-detail","200","Thức Coffee - Open 24/7 - &#128155;&#128155; Ngày của Nàng hãy sẵn sàng đến Thức &#128155;&#128155;","missing","redirect-/chuyen-cua-thuc","Story slug absent from local data"
"/chuyen-cua-thuc/%F0%9F%92%9E-gui-tam-y-am-than-tinh-trung-thu-tron-ven-%F0%9F%92%9E-s919t2/","story-detail","200","Thức Coffee - Open 24/7 - &#128158; GỬI TÂM Ý - ẤM THÂN TÌNH - TRUNG THU TRỌN VẸN &#128158;","missing","redirect-/chuyen-cua-thuc","Story slug absent from local data"
"/chuyen-cua-thuc/%F0%9F%92%9F%F0%9F%92%9F%F0%9F%92%9F-ngay-cua-nang-lan-toa-ngan-yeu-thuong-%F0%9F%92%9F%F0%9F%92%9F%F0%9F%92%9F-s634t2/","story-detail","200","Thức Coffee - Open 24/7 - &#128159;&#128159;&#128159; Ngày của nàng - lan toả ngàn yêu thương &#128159;&#128159;&#128159;","missing","redirect-/chuyen-cua-thuc","Story slug absent from local data"
"/chuyen-cua-thuc/%F0%9F%92%9F-happy-valentine-14-02-2021-%F0%9F%92%9F-s836t2/","story-detail","200","Thức Coffee - Open 24/7 - &#128159; HAPPY VALENTINE 14.02.2021 &#128159;","missing","redirect-/chuyen-cua-thuc","Story slug absent from local data"
"/chuyen-cua-thuc/%F0%9F%92%A5-bung-no-black-friday-%F0%9F%92%A5-s873t2/","story-detail","200","Thức Coffee - Open 24/7 - &#128165; BÙNG NỔ BLACK FRIDAY &#128165;","missing","redirect-/chuyen-cua-thuc","Story slug absent from local data"
"/chuyen-cua-thuc/%F0%9F%92%A5-ghe-thuc-ngay-thu-van-may-san-lung-labubu-v2-cuc-pham-%F0%9F%98%8D-s1219t2/","story-detail","200","Thức Coffee - Open 24/7 - &#128165; GHÉ THỨC NGAY, THỬ VẬN MAY SĂN LÙNG LABUBU V2 CỰC PHẨM &#128525;","missing","redirect-/chuyen-cua-thuc","Story slug absent from local data"
"/chuyen-cua-thuc/%F0%9F%92%A5-giam-20-cho-moi-hoa-don-mua-mang-ve-%F0%9F%92%A5-s861t2/","story-detail","200","Thức Coffee - Open 24/7 - &#128165; GIẢM 20% CHO MỌI HÓA ĐƠN MUA MANG VỀ &#128165;","missing","redirect-/chuyen-cua-thuc","Story slug absent from local data"
"/chuyen-cua-thuc/%F0%9F%92%AA%F0%9F%92%AA-song-khoe-cung-thuc-vuc-day-tinh-than-danh-bay-%E2%80%9Cco-vi%E2%80%9D-s692t2/","story-detail","200","Thức Coffee - Open 24/7 - &#128170;&#128170; Sống khỏe cùng Thức, vực dậy tinh thần, đánh bay “Cô Vi”","missing","redirect-/chuyen-cua-thuc","Story slug absent from local data"
"/chuyen-cua-thuc/%F0%9F%92%AE-don-tet-nhu-y-cung-combo-tra-hoa-tu-quy-%F0%9F%92%AE-s897t2/","story-detail","200","Thức Coffee - Open 24/7 - &#128174; Đón TẾT NHƯ Ý cùng COMBO TRÀ HOA TỨ QUÝ &#128174;","missing","redirect-/chuyen-cua-thuc","Story slug absent from local data"
"/chuyen-cua-thuc/%F0%9F%93%8C-thuc-coffe-hoat-dong-24h-xuyen-le-tet-%F0%9F%93%8C-s973t2/","story-detail","200","Thức Coffee - Open 24/7 - &#128204; THỨC COFFE HOẠT ĐỘNG 24H XUYÊN LỄ/TẾT &#128204;","missing","redirect-/chuyen-cua-thuc","Story slug absent from local data"
"/chuyen-cua-thuc/%F0%9F%93%A3%F0%9F%93%A3-%F0%9D%90%93%F0%9D%90%A1%F0%9D%90%AE%CC%9B%CC%81%F0%9D%90%9C-%F0%9D%90%82%F0%9D%90%A8%F0%9D%90%9F%F0%9D%90%9F%F0%9D%90%9E%F0%9D%90%9E-%F0%9D%9F%90%F0%9D%9F%90-%F0%9D%90%90%F0%9D%90%AE%F0%9D%90%9A%F0%9D%90%A7%F0%9D%90%A0-%F0%9D%90%93%F0%9D%90%AB%F0%9D%90%AE%F0%9D%90%A7%F0%9D%90%A0-%F0%9D%90%A1%F0%9D%90%A8%F0%9D%90%9A%CC%A3%F0%9D%90%AD-d%F0%9D%90%A8%CC%A3%CC%82%F0%9D%90%A7%F0%9D%90%A0-%F0%9D%9F%90%F0%9D%9F%92%F0%9D%90%A1-%F0%9D%90%AD%F0%9D%90%AE%CC%9B%CC%80-%F0%9D%90%A1%F0%9D%90%A8%CC%82%F0%9D%90%A6-%F0%9D%90%A7%F0%9D%90%9A%F0%9D%90%B2-%F0%9F%93%A3%F0%9F%93%A3-s725t2/","story-detail","200","Thức Coffee - Open 24/7 - &#128227;&#128227; &#119827;&#119841;&#119854;̛́&#119836; &#119810;&#119848;&#119839;&#119839;&#119838;&#119838; &#120784;&#120784; &#119824;&#119854;&#119834;&#119847;&#119840; &#119827;&#119851;&#119854;&#119847;&#119840; &#119841;&#119848;&#119834;̣&#119853; đ&#119848;̣̂&#119847;&#119840; &#120784;&#120786;&#119841; &#119853;&#119854;̛̀ &#119841;&#119848;̂&#119846; &#119847;&#119834;&#119858; &#128227;&#128227;","missing","redirect-/chuyen-cua-thuc","Story slug absent from local data"
"/chuyen-cua-thuc/%F0%9F%93%A3-dang-ky-thanh-vien-thuc-coffee-nhan-ngay-uu-dai-20-khong-gioi-han-%F0%9F%93%A3-s1023t2/","story-detail","200","Thức Coffee - Open 24/7 - &#128227; ĐĂNG KÝ THÀNH VIÊN THỨC COFFEE - NHẬN NGAY ƯU ĐÃI 20% KHÔNG GIỚI HẠN &#128227;","missing","redirect-/chuyen-cua-thuc","Story slug absent from local data"
"/chuyen-cua-thuc/%F0%9F%93%B2-dang-ky-thanh-vien-thuc-coffee-nhan-ngay-uu-dai-giam-20-tong-hoa-don-%E2%9C%A8-s1391t2/","story-detail","200","Thức Coffee - Open 24/7 - &#128242; ĐĂNG KÝ THÀNH VIÊN THỨC COFFEE NHẬN NGAY ƯU ĐÃI GIẢM 20% TỔNG HOÁ ĐƠN ✨","missing","redirect-/chuyen-cua-thuc","Story slug absent from local data"
"/chuyen-cua-thuc/%F0%9F%94%96-christmas-collection-gia-dung-thu-chi-49-000d-s1293t2/","story-detail","200","Thức Coffee - Open 24/7 - &#128278; CHRISTMAS COLLECTION - GIÁ DÙNG THỬ CHỈ 49.000Đ","missing","redirect-/chuyen-cua-thuc","Story slug absent from local data"
"/chuyen-cua-thuc/%F0%9F%94%96-happy-hours-happy-deal-s1221t2/","story-detail","200","Thức Coffee - Open 24/7 - &#128278; HAPPY HOURS - HAPPY DEAL","missing","redirect-/chuyen-cua-thuc","Story slug absent from local data"
"/chuyen-cua-thuc/%F0%9F%98%88-welcome-to-black-island-%F0%9F%98%88-s954t2/","story-detail","200","Thức Coffee - Open 24/7 - &#128520; Welcome to BLACK ISLAND!! &#128520;","missing","redirect-/chuyen-cua-thuc","Story slug absent from local data"
"/chuyen-cua-thuc/%F0%9F%A4%9D%F0%9F%A4%9D-dong-hanh-cung-su-kien-gio-trai-dat-tren-toan-the-gioi-%F0%9F%8C%8D%F0%9F%8C%8E%F0%9F%8C%8F-s525t2/","story-detail","200","Thức Coffee - Open 24/7 - &#129309;&#129309; Đồng hành cùng sự kiện Giờ Trái Đất trên toàn thế giới &#127757;&#127758;&#127759;","missing","redirect-/chuyen-cua-thuc","Story slug absent from local data"
"/chuyen-cua-thuc/%F0%9F%A5%A4%F0%9F%A5%A4%F0%9F%A5%A4-reusable-cup%F0%9F%A5%A4%F0%9F%A5%A4%F0%9F%A5%A4-s631t2/","story-detail","200","Thức Coffee - Open 24/7 - &#129380;&#129380;&#129380; REUSABLE CUP&#129380;&#129380;&#129380;","missing","redirect-/chuyen-cua-thuc","Story slug absent from local data"
"/chuyen-cua-thuc/%F0%9F%A5%A4-mot-ly-lam-chang-nen-non-s704t2/","story-detail","200","Thức Coffee - Open 24/7 - &#129380; Một ly làm chẳng nên non","missing","redirect-/chuyen-cua-thuc","Story slug absent from local data"
"/chuyen-cua-thuc/%F0%9F%A5%B3-chao-nha-moi-44b-ly-tu-trong-p-ben-nghe-q-1--s947t2/","story-detail","200","Thức Coffee - Open 24/7 - &#129395; CHÀO NHÀ MỚI 44B LÝ TỰ TRỌNG, P.BẾN NGHÉ, Q.1.","missing","redirect-/chuyen-cua-thuc","Story slug absent from local data"
"/chuyen-cua-thuc/%F0%9F%A5%B3-tet-nay-cung-thuc-choi-cho-vui-cuoi-cho-da-%F0%9F%8E%8A-s1439t2/","story-detail","200","Thức Coffee - Open 24/7 - &#129395; TẾT NÀY cùng Thức ""CHƠI CHO VUI, CƯỜI CHO ĐÃ"" &#127882;","missing","redirect-/chuyen-cua-thuc","Story slug absent from local data"
"/chuyen-cua-thuc/%F0%9F%A7%A7-mua-cap-%E2%80%93-loc-gap-doi-tet-nay-phai-co-doi-co-cap-%F0%9F%A7%A7-s1440t2/","story-detail","200","Thức Coffee - Open 24/7 - &#129511; MUA CẶP – LỘC GẤP ĐÔI: TẾT NÀY PHẢI CÓ ĐÔI CÓ CẶP! &#129511;","missing","redirect-/chuyen-cua-thuc","Story slug absent from local data"
"/chuyen-cua-thuc/11-11-free-mon-an-kem-tiep-suc-san-sale-%F0%9F%92%AA-s800t2/","story-detail","200","Thức Coffee - Open 24/7 - 11.11 - FREE MÓN ĂN KÈM - TIẾP SỨC SĂN SALE &#128170;","missing","redirect-/chuyen-cua-thuc","Story slug absent from local data"
"/chuyen-cua-thuc/1-2-3-%E2%80%A6-5-ban-danh-roi-%E2%80%9Cthu-tu-vui-ve%E2%80%9D-roi-ne--s745t2/","story-detail","200","Thức Coffee - Open 24/7 - 1 2 3 … 5.. Bạn đánh rơi “thứ tư vui vẻ” rồi nè!!","missing","redirect-/chuyen-cua-thuc","Story slug absent from local data"
"/chuyen-cua-thuc/an-pham-xin-xo-tu-thuc-da-xuat-hien-s567t2/","story-detail","200","Thức Coffee - Open 24/7 - Ấn phẩm ""xịn xò"" từ Thức đã xuất hiện","missing","redirect-/chuyen-cua-thuc","Story slug absent from local data"
"/chuyen-cua-thuc/ay-oi-minh-tra-dau-nhe--s595t2/","story-detail","200","Thức Coffee - Open 24/7 - Ấy ơi, mình trà dâu nhé!","missing","redirect-/chuyen-cua-thuc","Story slug absent from local data"
"/chuyen-cua-thuc/back-to-school-cool-to-back-s1059t2/","story-detail","200","Thức Coffee - Open 24/7 - BACK TO SCHOOL - COOL TO BACK","missing","redirect-/chuyen-cua-thuc","Story slug absent from local data"
"/chuyen-cua-thuc/ban-co-bo-lo-uu-dai-20-tu-thuc--s573t2/","story-detail","200","Thức Coffee - Open 24/7 - Bạn có bỏ lỡ ưu đãi 20% từ Thức ???","missing","redirect-/chuyen-cua-thuc","Story slug absent from local data"
"/chuyen-cua-thuc/ban-da-bao-gio-nghe-den-apple-tart-chua--s563t2/","story-detail","200","Thức Coffee - Open 24/7 - Bạn đã bao giờ nghe đến Apple Tart chưa ??","missing","redirect-/chuyen-cua-thuc","Story slug absent from local data"
"/chuyen-cua-thuc/ban-da-biet-cach-order-de-nhan-uu-dai-giao-hang-tu-thuc-chua--s690t2/","story-detail","200","Thức Coffee - Open 24/7 - Bạn đã biết cách order để nhận ưu đãi giao hàng từ Thức chưa?","missing","redirect-/chuyen-cua-thuc","Story slug absent from local data"
"/chuyen-cua-thuc/ban-da-co-y-tuong-gi-cho-mua-trang-nam-nay-chua--s585t2/","story-detail","200","Thức Coffee - Open 24/7 - Bạn đã có ý tưởng gì cho mùa trăng năm nay chưa ??","missing","redirect-/chuyen-cua-thuc","Story slug absent from local data"
"/chuyen-cua-thuc/ban-dang-tim-kiem-vi-banh-trung-thu-ngon-va-an-toan-cho-suc-khoe--s599t2/","story-detail","200","Thức Coffee - Open 24/7 - Bạn đang tìm kiếm vị bánh trung thu ngon và an toàn cho sức khoẻ ??","missing","redirect-/chuyen-cua-thuc","Story slug absent from local data"
"/chuyen-cua-thuc/ban-da-san-sang-trai-nghiem-cap-doi-giang-sinh-day-mau-sac-cua-thuc-chua--s492t2/","story-detail","200","Thức Coffee - Open 24/7 - Bạn đã sẵn sàng trải nghiệm ""Cặp đôi Giáng Sinh"" đầy màu sắc của Thức chưa ??","missing","redirect-/chuyen-cua-thuc","Story slug absent from local data"
"/chuyen-cua-thuc/ban-oi-ta-hen-ngay-dep-troi-gap-nhau-thoi--s717t2/","story-detail","200","Thức Coffee - Open 24/7 - Bạn ơi, ta hẹn ngày đẹp trời gặp nhau thôi!","missing","redirect-/chuyen-cua-thuc","Story slug absent from local data"
"/chuyen-cua-thuc/bao-li-xi-xinh-cho-nguoi-den-rinh-s1368t2/","story-detail","200","Thức Coffee - Open 24/7 - BAO LÌ XÌ XINH, CHỜ NGƯỜI ĐẾN RINH","missing","redirect-/chuyen-cua-thuc","Story slug absent from local data"
"/chuyen-cua-thuc/black-friday-thuc-coffee-tiep-suc-san-sale-mua-cuoi-nam-s1098t2/","story-detail","200","Thức Coffee - Open 24/7 - BLACK FRIDAY - THỨC COFFEE TIẾP SỨC SĂN SALE MÙA CUỐI NĂM","missing","redirect-/chuyen-cua-thuc","Story slug absent from local data"
"/chuyen-cua-thuc/buoi-chieu-so-sweet-cung-combo-ngot-ngao-s1475t2/","story-detail","200","Thức Coffee - Open 24/7 - BUỔI CHIỀU ""SO SWEET"" CÙNG COMBO NGỌT NGÀO","partial","story-summary-only","Article body replaced by one-line summary"
"/chuyen-cua-thuc/cap-doi-%E2%80%9Csummer-vibes%E2%80%9D-%E2%80%93-khuay-dong-mua-he-cung-thuc-s741t2/","story-detail","200","Thức Coffee - Open 24/7 - CẶP ĐÔI “SUMMER VIBES” – KHUẤY ĐỘNG MÙA HÈ CÙNG THỨC","missing","redirect-/chuyen-cua-thuc","Story slug absent from local data"
"/chuyen-cua-thuc/cap-doi-vang-tuoi-since-2018-s779t2/","story-detail","200","Thức Coffee - Open 24/7 - CẶP ĐÔI VÀNG TƯƠI, since 2018","missing","redirect-/chuyen-cua-thuc","Story slug absent from local data"
"/chuyen-cua-thuc/ca-phe-%E2%80%9Cxua%E2%80%9D-va-%E2%80%9Cnay%E2%80%9D-co-gi-khac--s720t2/","story-detail","200","Thức Coffee - Open 24/7 - Cà phê “xưa” và “nay” có gì khác?","missing","redirect-/chuyen-cua-thuc","Story slug absent from local data"
"/chuyen-cua-thuc/ca-phe-1d-chi-co-tai-thuc-coffee-duong-41-quan-4-s950t2/","story-detail","200","Thức Coffee - Open 24/7 - CÀ PHÊ 1Đ CHỈ CÓ TẠI THỨC COFFEE - ĐƯỜNG 41, QUẬN 4","missing","redirect-/chuyen-cua-thuc","Story slug absent from local data"
"/chuyen-cua-thuc/ca-phe-moi-ngay-them-y-tuong-hay-s707t2/","story-detail","200","Thức Coffee - Open 24/7 - CÀ PHÊ MỖI NGÀY, THÊM Ý TƯỞNG HAY","missing","redirect-/chuyen-cua-thuc","Story slug absent from local data"
"/chuyen-cua-thuc/chao-don-%E2%80%9Ccap-doi-vang-tuoi%E2%80%9D-chinh-thuc-len-song-tren-menu-thuc-coffee-%F0%9F%98%8E%F0%9F%98%8E-s501t2/","story-detail","200","Thức Coffee - Open 24/7 - Chào đón “CẶP ĐÔI VÀNG TƯƠI” chính thức lên sóng trên menu Thức Coffee &#128526;&#128526;","missing","redirect-/chuyen-cua-thuc","Story slug absent from local data"
"/chuyen-cua-thuc/chao-don-thang-moi-voi-su-ra-mat-cua-mot-thanh-vien-moi-%E2%80%9Cchoco-berry-cake%E2%80%9D-s737t2/","story-detail","200","Thức Coffee - Open 24/7 - Chào đón tháng mới với sự ra mắt của một thành viên mới: “Choco Berry cake”","missing","redirect-/chuyen-cua-thuc","Story slug absent from local data"
"/chuyen-cua-thuc/chao-he-cung-bst-sunny-summer-s911t2/","story-detail","200","Thức Coffee - Open 24/7 - Chào hè cùng BST SUNNY SUMMER","missing","redirect-/chuyen-cua-thuc","Story slug absent from local data"
"/chuyen-cua-thuc/check-in-khoanh-khac-bat-ngay-voucher-s786t2/","story-detail","200","Thức Coffee - Open 24/7 - CHECK-IN KHOẢNH KHẮC, ""BẮT"" NGAY VOUCHER","missing","redirect-/chuyen-cua-thuc","Story slug absent from local data"
"/chuyen-cua-thuc/chia-se-bi-quyet-giup-tinh-tao-moi-buoi-hoc-online-s700t2/","story-detail","200","Thức Coffee - Open 24/7 - Chia sẻ bí quyết giúp tỉnh táo mỗi buổi học online","missing","redirect-/chuyen-cua-thuc","Story slug absent from local data"
"/chuyen-cua-thuc/chuc-xuan-giap-thin-an-khang-thinh-vuong-van-su-cat-tuong-s1126t2/","story-detail","200","Thức Coffee - Open 24/7 - Chúc xuân Giáp Thìn - An Khang Thịnh Vượng - Vạn Sự Cát Tường","missing","redirect-/chuyen-cua-thuc","Story slug absent from local data"
"/chuyen-cua-thuc/coco-coffee-iceblend-da-co-mat-tai-thuc-coffee-s1137t2/","story-detail","200","Thức Coffee - Open 24/7 - COCO COFFEE ICEBLEND - ĐÃ CÓ MẶT TẠI THỨC COFFEE","missing","redirect-/chuyen-cua-thuc","Story slug absent from local data"
"/chuyen-cua-thuc/cold-brew-da-co-mat-tai-thuc-coffee-s1381t2/","story-detail","200","Thức Coffee - Open 24/7 - COLD BREW ĐÃ CÓ MẶT TẠI THỨC COFFEE","missing","redirect-/chuyen-cua-thuc","Story slug absent from local data"
"/chuyen-cua-thuc/cold-brew-origins-where-fresh-flavor-begin-%E2%9C%A8-s1454t2/","story-detail","200","Thức Coffee - Open 24/7 - COLD BREW ORIGINS - Where fresh flavor begin ✨","missing","redirect-/chuyen-cua-thuc","Story slug absent from local data"
"/chuyen-cua-thuc/combo-chao-he-da-co-mat-tai-thuc-coffee-s917t2/","story-detail","200","Thức Coffee - Open 24/7 - COMBO CHÀO HÈ đã có mặt tại Thức Coffee","missing","redirect-/chuyen-cua-thuc","Story slug absent from local data"
"/chuyen-cua-thuc/combo-doan-vien-don-tet-trung-thu-an-yen-s1058t2/","story-detail","200","Thức Coffee - Open 24/7 - COMBO ĐOÀN VIÊN đón Tết Trung Thu an yên","missing","redirect-/chuyen-cua-thuc","Story slug absent from local data"
"/chuyen-cua-thuc/combo-tron-nang-chi-99k-s1136t2/","story-detail","200","Thức Coffee - Open 24/7 - COMBO TRỐN NẮNG CHỈ 99K","missing","redirect-/chuyen-cua-thuc","Story slug absent from local data"
"/chuyen-cua-thuc/cuc-khai-phu-quy-tron-vi-doan-vien-s1383t2/","story-detail","200","Thức Coffee - Open 24/7 - CÚC KHAI PHÚ QUÝ - TRỌN VỊ ĐOÀN VIÊN","missing","redirect-/chuyen-cua-thuc","Story slug absent from local data"
"/chuyen-cua-thuc/cuoi-gion-tan-nhai-rom-ra-cho-cau-chuyen-tron-ven-ha--s751t2/","story-detail","200","Thức Coffee - Open 24/7 - Cười giòn tan, nhai rôm rả cho câu chuyện trọn vẹn ha!","missing","redirect-/chuyen-cua-thuc","Story slug absent from local data"
"/chuyen-cua-thuc/cuoi-tuan-mua-2-tang-1--s705t2/","story-detail","200","Thức Coffee - Open 24/7 - CUỐI TUẦN ""MUA 2 TẶNG 1""","missing","redirect-/chuyen-cua-thuc","Story slug absent from local data"
"/chuyen-cua-thuc/dang-tinh-up-hinh-ly-mojito-du-do-cac-ban-ghe-thuc-s14t2/","story-detail","200","Thức Coffee - Open 24/7 - Đang tính up hình ly mojito dụ dỗ các bạn ghé Thức","missing","redirect-/chuyen-cua-thuc","Story slug absent from local data"
"/chuyen-cua-thuc/da-sang-dang-xinh-song-khoe-mua-corona-s673t2/","story-detail","200","Thức Coffee - Open 24/7 - DA SÁNG, DÁNG XINH, SỐNG KHỎE MÙA CORONA","missing","redirect-/chuyen-cua-thuc","Story slug absent from local data"
"/chuyen-cua-thuc/dat-giao-hang-nhan-uu-dai-x3-s691t2/","story-detail","200","Thức Coffee - Open 24/7 - ĐẶT GIAO HÀNG NHẬN ƯU ĐÃI X3","missing","redirect-/chuyen-cua-thuc","Story slug absent from local data"
"/chuyen-cua-thuc/dat-hang-de-dang-uu-dai-vang-20-toan-menu-s980t2/","story-detail","200","Thức Coffee - Open 24/7 - ĐẶT HÀNG DỄ DÀNG - ƯU ĐÃI VÀNG 20% TOÀN MENU","missing","redirect-/chuyen-cua-thuc","Story slug absent from local data"
"/chuyen-cua-thuc/dau-nam-hai-loc-ca-nam-phat-tai-s1124t2/","story-detail","200","Thức Coffee - Open 24/7 - ĐẦU NĂM HÁI LỘC, CẢ NĂM PHÁT TÀI","missing","redirect-/chuyen-cua-thuc","Story slug absent from local data"
"/chuyen-cua-thuc/deadline-overnight-van-tran-day-nang-luong-cung-combo-tinh-tao-s1476t2/","story-detail","200","Thức Coffee - Open 24/7 - DEADLINE OVERNIGHT VẪN TRÀN ĐẦY NĂNG LƯỢNG CÙNG COMBO TỈNH TÁO","partial","story-summary-only","Article body replaced by one-line summary"
"/chuyen-cua-thuc/deal-ngon-phai-co-ban-hien-order-ca-nhom-thuc-moi-lien-20-%F0%9F%8E%8A-s778t2/","story-detail","200","Thức Coffee - Open 24/7 - Deal ngon phải có bạn hiền - Order cả nhóm, Thức mời liền 20% &#127882;","missing","redirect-/chuyen-cua-thuc","Story slug absent from local data"
"/chuyen-cua-thuc/deal-on-day-chill-all-day-s1468t2/","story-detail","200","Thức Coffee - Open 24/7 - Deal on Day - Chill all Day","partial","story-summary-only","Article body replaced by one-line summary"
"/chuyen-cua-thuc/den-%F0%9D%91%AE%F0%9D%92%8A%F0%9D%92%90%CC%9B%CC%80-%F0%9D%92%97%F0%9D%92%82%CC%80%F0%9D%92%8F%F0%9D%92%88-goi-%F0%9D%91%BB%F0%9D%92%89%F0%9D%92%96%CC%9B%CC%81%F0%9D%92%84-%F0%9D%92%88%F0%9D%92%8A%F0%9D%92%82%F0%9D%92%90-%F0%9D%92%89%F0%9D%92%82%CC%80%F0%9D%92%8F%F0%9D%92%88-%F0%9D%92%8F%F0%9D%92%88%F0%9D%92%82%CC%A3%CC%82%F0%9D%92%91-%F0%9D%92%95%F0%9D%92%93%F0%9D%92%82%CC%80%F0%9D%92%8F-%F0%9D%92%96%CC%9B%F0%9D%92%96-d%F0%9D%92%82%CC%83%F0%9D%92%8A-%F0%9F%98%8D-s539t2/","story-detail","200","Thức Coffee - Open 24/7 - Đến ""&#119918;&#119946;&#119952;̛̀ &#119959;&#119938;̀&#119951;&#119944;"", gọi &#119931;&#119945;&#119958;̛́&#119940; &#119944;&#119946;&#119938;&#119952; &#119945;&#119938;̀&#119951;&#119944; - &#119951;&#119944;&#119938;̣̂&#119953; &#119957;&#119955;&#119938;̀&#119951; &#119958;̛&#119958; đ&#119938;̃&#119946; &#128525;","missing","redirect-/chuyen-cua-thuc","Story slug absent from local data"
"/chuyen-cua-thuc/doi-diem-tich-luy-nhan-qua-het-y-s1036t2/","story-detail","200","Thức Coffee - Open 24/7 - ĐỔI ĐIỂM TÍCH LŨY NHẬN QUÀ HẾT Ý","missing","redirect-/chuyen-cua-thuc","Story slug absent from local data"
"/chuyen-cua-thuc/don-tet-du-day-%E2%80%93-van-deal-ngat-ngay--s1367t2/","story-detail","200","Thức Coffee - Open 24/7 - ĐÓN TẾT ĐỦ ĐẦY – VẠN DEAL NGẤT NGÂY!","missing","redirect-/chuyen-cua-thuc","Story slug absent from local data"
"/chuyen-cua-thuc/-event-cung-thuc-mung-sinh-nhat-lan-07-s626t2/","story-detail","200","Thức Coffee - Open 24/7 - [Event] Cùng Thức mừng sinh nhật lần 07","missing","redirect-/chuyen-cua-thuc","Story slug absent from local data"
"/chuyen-cua-thuc/ghe-thuc-coffee-khong-biet-chon-mon-gi--s1075t2/","story-detail","200","Thức Coffee - Open 24/7 - Ghé Thức Coffee không biết chọn món gì?","missing","redirect-/chuyen-cua-thuc","Story slug absent from local data"
"/chuyen-cua-thuc/ghe-thuc-san-%E2%80%9C-ma-%E2%80%9C-%E2%80%93-loc-tet-that-da--s1425t2/","story-detail","200","Thức Coffee - Open 24/7 - GHÉ THỨC SĂN “ MÃ “ – LỘC TẾT THẬT ĐÃ!","missing","redirect-/chuyen-cua-thuc","Story slug absent from local data"
"/chuyen-cua-thuc/-giam-20-x-freeship-dat-hang-ngay-thuc-giao-lien-tay-s680t2/","story-detail","200","Thức Coffee - Open 24/7 - [GIẢM 20% x FREESHIP] ĐẶT HÀNG NGAY, THỨC GIAO LIỀN TAY","missing","redirect-/chuyen-cua-thuc","Story slug absent from local data"
"/chuyen-cua-thuc/giam-30-cho-khach-hang-co-ngay-sinh-nhat-tu-10-10-16-10--s953t2/","story-detail","200","Thức Coffee - Open 24/7 - GIẢM 30% CHO KHÁCH HÀNG CÓ NGÀY SINH NHẬT TỪ 10/10-16/10.","missing","redirect-/chuyen-cua-thuc","Story slug absent from local data"
"/chuyen-cua-thuc/goi-dat-hang-ngay-thuc-giao-lien-tay-s486t2/","story-detail","200","Thức Coffee - Open 24/7 - GỌI ĐẶT HÀNG NGAY - THỨC GIAO LIỀN TAY","missing","redirect-/chuyen-cua-thuc","Story slug absent from local data"
"/chuyen-cua-thuc/goi-nuoc-khong-kho-vi-da-co-voucher-s730t2/","story-detail","200","Thức Coffee - Open 24/7 - GỌI NƯỚC KHÔNG KHÓ, VÌ ĐÃ CÓ VOUCHER","missing","redirect-/chuyen-cua-thuc","Story slug absent from local data"
"/chuyen-cua-thuc/ha-di-thu-den-don-tet-doan-vien-s1172t2/","story-detail","200","Thức Coffee - Open 24/7 - HẠ ĐI THU ĐẾN, ĐÓN TẾT ĐOÀN VIÊN","missing","redirect-/chuyen-cua-thuc","Story slug absent from local data"
"/chuyen-cua-thuc/happy-11th-anniversary-s1068t2/","story-detail","200","Thức Coffee - Open 24/7 - HAPPY 11th ANNIVERSARY","missing","redirect-/chuyen-cua-thuc","Story slug absent from local data"
"/chuyen-cua-thuc/happy-11th-birthday-of-thuc-coffee-s1063t2/","story-detail","200","Thức Coffee - Open 24/7 - HAPPY 11th BIRTHDAY OF THUC COFFEE","missing","redirect-/chuyen-cua-thuc","Story slug absent from local data"
"/chuyen-cua-thuc/happy-11-years-let-s-go-week-3-s1072t2/","story-detail","200","Thức Coffee - Open 24/7 - HAPPY 11 YEARS - Let's go WEEK 3","missing","redirect-/chuyen-cua-thuc","Story slug absent from local data"
"/chuyen-cua-thuc/happy-international-women-s-day-2024-s1133t2/","story-detail","200","Thức Coffee - Open 24/7 - HAPPY INTERNATIONAL WOMEN'S DAY 2024","missing","redirect-/chuyen-cua-thuc","Story slug absent from local data"
"/chuyen-cua-thuc/happy-international-women-s-day-s1380t2/","story-detail","200","Thức Coffee - Open 24/7 - HAPPY INTERNATIONAL WOMEN'S DAY","missing","redirect-/chuyen-cua-thuc","Story slug absent from local data"
"/chuyen-cua-thuc/happy-valentine-s-day-14-02-2024-s1128t2/","story-detail","200","Thức Coffee - Open 24/7 - HAPPY VALENTINE'S DAY 14/02/2024","missing","redirect-/chuyen-cua-thuc","Story slug absent from local data"
"/chuyen-cua-thuc/happy-valentine-s-day-s903t2/","story-detail","200","Thức Coffee - Open 24/7 - Happy Valentine's Day","missing","redirect-/chuyen-cua-thuc","Story slug absent from local data"
"/chuyen-cua-thuc/happy-women-s-day-08-03-2022-s909t2/","story-detail","200","Thức Coffee - Open 24/7 - HAPPY WOMEN'S DAY 08.03.2022","missing","redirect-/chuyen-cua-thuc","Story slug absent from local data"
"/chuyen-cua-thuc/happy-women-s-day-08-03-2023-s982t2/","story-detail","200","Thức Coffee - Open 24/7 - HAPPY WOMEN'S DAY 08/03/2023","missing","redirect-/chuyen-cua-thuc","Story slug absent from local data"
"/chuyen-cua-thuc/happy-women-s-week-cung-combo-my-destiny-s981t2/","story-detail","200","Thức Coffee - Open 24/7 - HAPPY WOMEN'S WEEK cùng COMBO MY DESTINY","missing","redirect-/chuyen-cua-thuc","Story slug absent from local data"
"/chuyen-cua-thuc/hay-ke-thuc-nghe-ly-do-ban-chon-di-ca-phe-dem-la-gi--s761t2/","story-detail","200","Thức Coffee - Open 24/7 - Hãy kể Thức nghe, lý do bạn chọn đi ""cà phê đêm"" là gì ?","missing","redirect-/chuyen-cua-thuc","Story slug absent from local data"
"/chuyen-cua-thuc/healthy-day-dong-gia-39-000d-s757t2/","story-detail","200","Thức Coffee - Open 24/7 - HEALTHY DAY - ĐỒNG GIÁ 39.000Đ","missing","redirect-/chuyen-cua-thuc","Story slug absent from local data"
"/chuyen-cua-thuc/healthy-day-nuoc-ep-trai-cay-tuoi-dong-gia-39-000d-s762t2/","story-detail","200","Thức Coffee - Open 24/7 - HEALTHY DAY - NƯỚC ÉP TRÁI CÂY TƯƠI ĐỒNG GIÁ 39.000Đ","missing","redirect-/chuyen-cua-thuc","Story slug absent from local data"
"/chuyen-cua-thuc/healthy-day-thu-ba-song-khoe-dong-gia-39-000d-s846t2/","story-detail","200","Thức Coffee - Open 24/7 - HEALTHY DAY - THỨ BA SỐNG KHỎE - ĐỒNG GIÁ 39.000Đ","missing","redirect-/chuyen-cua-thuc","Story slug absent from local data"
"/chuyen-cua-thuc/hello-%E2%80%9Creusable-cup-coffee-combo%E2%80%9D-s640t2/","story-detail","200","Thức Coffee - Open 24/7 - HELLO “REUSABLE CUP - COFFEE COMBO”","missing","redirect-/chuyen-cua-thuc","Story slug absent from local data"
"/chuyen-cua-thuc/hello-summer--s989t2/","story-detail","200","Thức Coffee - Open 24/7 - Hello SUMMER!!!","missing","redirect-/chuyen-cua-thuc","Story slug absent from local data"
"/chuyen-cua-thuc/hoat-dong-xuyen-tet-vui-xuan-het-y-s898t2/","story-detail","200","Thức Coffee - Open 24/7 - HOẠT ĐỘNG XUYÊN TẾT - VUI XUÂN HẾT Ý","missing","redirect-/chuyen-cua-thuc","Story slug absent from local data"
"/chuyen-cua-thuc/holiday-signature-drinks-gia-dung-thu-chi-49-000d-s1099t2/","story-detail","200","Thức Coffee - Open 24/7 - HOLIDAY SIGNATURE DRINKS - GIÁ DÙNG THỬ CHỈ 49.000Đ","missing","redirect-/chuyen-cua-thuc","Story slug absent from local data"
"/chuyen-cua-thuc/-hom-nay-ban-da-ca-phe-chua--s735t2/","story-detail","200","Thức Coffee - Open 24/7 - ""Hôm nay bạn đã cà phê chưa ?""","missing","redirect-/chuyen-cua-thuc","Story slug absent from local data"
"/chuyen-cua-thuc/hoorahhhh-let-s-go-week-2-free-upsize-all-menu-s1067t2/","story-detail","200","Thức Coffee - Open 24/7 - Hoorahhhh!!! Let's go WEEK 2 - FREE UPSIZE all menu","missing","redirect-/chuyen-cua-thuc","Story slug absent from local data"
"/chuyen-cua-thuc/huong-vi-moi-la-ma-quen-s676t2/","story-detail","200","Thức Coffee - Open 24/7 - HƯƠNG VỊ MỚI, LẠ MÀ QUEN","missing","redirect-/chuyen-cua-thuc","Story slug absent from local data"
"/chuyen-cua-thuc/kaya-toast-da-co-mat-tai-thuc-coffee-s1225t2/","story-detail","200","Thức Coffee - Open 24/7 - KAYA TOAST ĐÃ CÓ MẶT TẠI THỨC COFFEE","missing","redirect-/chuyen-cua-thuc","Story slug absent from local data"
"/chuyen-cua-thuc/khai-truong-thuc-coffee-tai-so-48-50-huynh-thuc-khang-quan-1-s64t2/","story-detail","200","Thức Coffee - Open 24/7 - Khai trương Thức Coffee tại số 48-50 Huỳnh Thúc Kháng, Quận 1","missing","redirect-/chuyen-cua-thuc","Story slug absent from local data"
"/chuyen-cua-thuc/khoi-dau-ngay-moi-voi-%F0%9D%91%B4%F0%9D%92%82%F0%9D%92%95%F0%9D%92%84%F0%9D%92%89%F0%9D%92%82-%F0%9D%91%B2%F0%9D%92%82%F0%9D%92%87%F0%9D%92%86%CC%81-s983t2/","story-detail","200","Thức Coffee - Open 24/7 - Khởi đầu ngày mới với &#119924;&#119938;&#119957;&#119940;&#119945;&#119938; &#119922;&#119938;&#119943;&#119942;́","missing","redirect-/chuyen-cua-thuc","Story slug absent from local data"
"/chuyen-cua-thuc/let-s-enjoy-week-1-mua-1-tang-1-s1065t2/","story-detail","200","Thức Coffee - Open 24/7 - LET'S ENJOY WEEK 1: MUA 1 TẶNG 1","missing","redirect-/chuyen-cua-thuc","Story slug absent from local data"
"/chuyen-cua-thuc/lich-hoat-dong-tet-binh-ngo-2026-s1448t2/","story-detail","200","Thức Coffee - Open 24/7 - LỊCH HOẠT ĐỘNG TẾT BÍNH NGỌ 2026","missing","redirect-/chuyen-cua-thuc","Story slug absent from local data"
"/chuyen-cua-thuc/lich-hoat-dong-tet-giap-thin-2024-cua-thuc-coffee-s1119t2/","story-detail","200","Thức Coffee - Open 24/7 - LỊCH HOẠT ĐỘNG TẾT GIÁP THÌN 2024 CỦA THỨC COFFEE","missing","redirect-/chuyen-cua-thuc","Story slug absent from local data"
"/chuyen-cua-thuc/mid-autumn-drinks-2024-s1187t2/","story-detail","200","Thức Coffee - Open 24/7 - MID-AUTUMN DRINKS 2024","missing","redirect-/chuyen-cua-thuc","Story slug absent from local data"
"/chuyen-cua-thuc/-minigame-%F0%9D%91%B2%F0%9D%92%89%F0%9D%92%90%F0%9D%92%86-%F0%9D%92%82%CC%89%F0%9D%92%8F%F0%9D%92%89-%F0%9D%92%84%F0%9D%92%89%F0%9D%92%82%CC%82%CC%81%F0%9D%92%95-%F0%9D%92%8F%F0%9D%92%89%F0%9D%92%82%CC%A3%CC%82%F0%9D%92%8F-%F0%9D%92%92%F0%9D%92%96%F0%9D%92%82%CC%80-%F0%9D%92%84%F0%9D%92%96%CC%9B%CC%A3%F0%9D%92%84-%F0%9D%92%84%F0%9D%92%90%F0%9D%92%90%F0%9D%92%8D-s612t2/","story-detail","200","Thức Coffee - Open 24/7 - [MINIGAME] &#119922;&#119945;&#119952;&#119942; &#119938;̉&#119951;&#119945; &#119940;&#119945;&#119938;̂́&#119957; - &#119951;&#119945;&#119938;̣̂&#119951; &#119954;&#119958;&#119938;̀ &#119940;&#119958;̛̣&#119940; &#119940;&#119952;&#119952;&#119949;","missing","redirect-/chuyen-cua-thuc","Story slug absent from local data"
"/chuyen-cua-thuc/moi-nguoi-co-biet-%E2%80%9Cchuyen-do%E2%80%9D-chua--s560t2/","story-detail","200","Thức Coffee - Open 24/7 - Mọi người có biết “chuyện đó” chưa???","missing","redirect-/chuyen-cua-thuc","Story slug absent from local data"
"/chuyen-cua-thuc/moi-sang-thuc-day-khong-the-thieu-mot-ly-ca-phe-rang-xay-dam-da--s695t2/","story-detail","200","Thức Coffee - Open 24/7 - Mỗi sáng thức dậy không thể thiếu một ly cà phê rang xay đậm đà!","missing","redirect-/chuyen-cua-thuc","Story slug absent from local data"
"/chuyen-cua-thuc/mon-moi-do-bo--s1069t2/","story-detail","200","Thức Coffee - Open 24/7 - MÓN MỚI ĐỔ BỘ !!!!!","missing","redirect-/chuyen-cua-thuc","Story slug absent from local data"
"/chuyen-cua-thuc/mung-3-ghe-thuc-don-tet-thuong-tra-s1127t2/","story-detail","200","Thức Coffee - Open 24/7 - MÙNG 3 GHÉ THỨC ĐÓN TẾT THƯỞNG TRÀ","missing","redirect-/chuyen-cua-thuc","Story slug absent from local data"
"/chuyen-cua-thuc/mung-thuc-10-tuoi-moi-ban-boc-tham-tram-phan-tram-co-qua-s951t2/","story-detail","200","Thức Coffee - Open 24/7 - MỪNG THỨC 10 TUỔI, MỜI BẠN BỐC THĂM - TRĂM PHẦN TRĂM CÓ QUÀ","missing","redirect-/chuyen-cua-thuc","Story slug absent from local data"
"/chuyen-cua-thuc/mung-thuc-coffee-tron-12-tuoi-s1233t2/","story-detail","200","Thức Coffee - Open 24/7 - MỪNG THỨC COFFEE TRÒN 12 TUỔI","missing","redirect-/chuyen-cua-thuc","Story slug absent from local data"
"/chuyen-cua-thuc/-new-store-%F0%9F%8E%89%F0%9F%8E%89-thuc-coffee-42-cong-quynh-q-1-open-24-7-%F0%9F%8E%89%F0%9F%8E%89-s852t2/","story-detail","200","Thức Coffee - Open 24/7 - [NEW STORE] &#127881;&#127881; THỨC COFFEE - 42 CỐNG QUỲNH, Q.1 - OPEN 24/7 &#127881;&#127881;","missing","redirect-/chuyen-cua-thuc","Story slug absent from local data"
"/chuyen-cua-thuc/nguoi-nguoi-nha-nha-sau-may-hom-o-nha-chong-dich-tro-nen-yeubepnghiennha--s719t2/","story-detail","200","Thức Coffee - Open 24/7 - Người người nhà nhà sau mấy hôm ở nhà chống dịch trở nên #yêubếpnghiệnnhà!","missing","redirect-/chuyen-cua-thuc","Story slug absent from local data"
"/chuyen-cua-thuc/nha-moi-44b-ly-tu-trong-chinh-thuc-hoat-dong-24h-tu-hom-nay-s949t2/","story-detail","200","Thức Coffee - Open 24/7 - NHÀ MỚI 44B LÝ TỰ TRỌNG CHÍNH THỨC HOẠT ĐỘNG 24H TỪ HÔM NAY","missing","redirect-/chuyen-cua-thuc","Story slug absent from local data"
"/chuyen-cua-thuc/nhap-hoi-linh-hoat-cung-samsung-x-thuc-coffee-s1025t2/","story-detail","200","Thức Coffee - Open 24/7 - NHẬP HỘI LINH HOẠT CÙNG SAMSUNG x THỨC COFFEE","missing","redirect-/chuyen-cua-thuc","Story slug absent from local data"
"/chuyen-cua-thuc/o-may-zing-gut-deal-free-upsize-3-days-on-black-friday-%F0%9F%8E%89-s802t2/","story-detail","200","Thức Coffee - Open 24/7 - Ờ mây zing, gút deal FREE UPSIZE 3 DAYS on BLACK FRIDAY &#127881;","missing","redirect-/chuyen-cua-thuc","Story slug absent from local data"
"/chuyen-cua-thuc/qua-xinh-xan-cho-trao-tay-nang-s1286t2/","story-detail","200","Thức Coffee - Open 24/7 - QUÀ XINH XẮN CHỜ TRAO TAY NÀNG","missing","redirect-/chuyen-cua-thuc","Story slug absent from local data"
"/chuyen-cua-thuc/quay-phuc-vu-ca-phe-cho-su-kien-cong-ty-ban-da-thu-chua--s1039t2/","story-detail","200","Thức Coffee - Open 24/7 - QUẦY PHỤC VỤ CÀ PHÊ CHO SỰ KIỆN CÔNG TY, bạn đã thử chưa??","missing","redirect-/chuyen-cua-thuc","Story slug absent from local data"
"/chuyen-cua-thuc/sai-gon-%E2%80%9Cthuc%E2%80%9D-cung-ca-phe-doi-dem-chuyen-ngay-s750t2/","story-detail","200","Thức Coffee - Open 24/7 - SÀI GÒN - “THỨC” CÙNG CÀ PHÊ ĐỢI ĐÊM CHUYỂN NGÀY","missing","redirect-/chuyen-cua-thuc","Story slug absent from local data"
"/chuyen-cua-thuc/sale-sau-giam-dam-dai-tiec-tat-nien-cuoi-nam-s1369t2/","story-detail","200","Thức Coffee - Open 24/7 - SALE SÂU GIẢM ĐẬM ĐẠI TIỆC TẤT NIÊN CUỐI NĂM","missing","redirect-/chuyen-cua-thuc","Story slug absent from local data"
"/chuyen-cua-thuc/salted-milkfoam-coffee-biscuit-sticks-with-creamfoam-s1002t2/","story-detail","200","Thức Coffee - Open 24/7 - SALTED MILKFOAM COFFEE & BISCUIT STICKS WITH CREAMFOAM","missing","redirect-/chuyen-cua-thuc","Story slug absent from local data"
"/chuyen-cua-thuc/sang-bung-tinh-voi-combo-ca-phe-banh-chi-52-000d-s1061t2/","story-detail","200","Thức Coffee - Open 24/7 - SÁNG BỪNG TỈNH với COMBO CÀ PHÊ + BÁNH chỉ 52.000Đ","missing","redirect-/chuyen-cua-thuc","Story slug absent from local data"
"/chuyen-cua-thuc/sang-nang-luong-tran-hung-khoi-s1076t2/","story-detail","200","Thức Coffee - Open 24/7 - SÁNG NĂNG LƯỢNG, TRÀN HỨNG KHỞI","missing","redirect-/chuyen-cua-thuc","Story slug absent from local data"
"/chuyen-cua-thuc/sang-no-ne-moi-ngay-cung-thuc-coffee-s1474t2/","story-detail","200","Thức Coffee - Open 24/7 - SÁNG NO NÊ MỖI NGÀY CÙNG THỨC COFFEE","partial","story-summary-only","Article body replaced by one-line summary"
"/chuyen-cua-thuc/sieu-uu-dai-mua-2-tang-1-%F0%9F%8E%8A-s787t2/","story-detail","200","Thức Coffee - Open 24/7 - SIÊU ƯU ĐÃI - MUA 2 TẶNG 1 &#127882;","missing","redirect-/chuyen-cua-thuc","Story slug absent from local data"
"/chuyen-cua-thuc/-su-kien-mung-thuc-8-tuoi-s782t2/","story-detail","200","Thức Coffee - Open 24/7 - [SỰ KIỆN] MỪNG THỨC 8 TUỔI","missing","redirect-/chuyen-cua-thuc","Story slug absent from local data"
"/chuyen-cua-thuc/sweet-love--s137t2/","story-detail","200","Thức Coffee - Open 24/7 - Sweet love!","missing","redirect-/chuyen-cua-thuc","Story slug absent from local data"
"/chuyen-cua-thuc/sweet-xmas-is-coming--s961t2/","story-detail","200","Thức Coffee - Open 24/7 - SWEET XMAS IS COMING...","missing","redirect-/chuyen-cua-thuc","Story slug absent from local data"
"/chuyen-cua-thuc/tam-biet-cua-hang-22-quang-trung-voi-that-nhieu-ky-niem--s918t2/","story-detail","200","Thức Coffee - Open 24/7 - Tạm biệt cửa hàng 22 Quang Trung với thật nhiều kỷ niệm!","missing","redirect-/chuyen-cua-thuc","Story slug absent from local data"
"/chuyen-cua-thuc/tan-gia-nha-moi-moi-ban-toi-choi-s938t2/","story-detail","200","Thức Coffee - Open 24/7 - TÂN GIA NHÀ MỚI, MỜI BẠN TỚI CHƠI","missing","redirect-/chuyen-cua-thuc","Story slug absent from local data"
"/chuyen-cua-thuc/tet-nay-sung-tuc-phat-tai-du-day-nhu-y-s1116t2/","story-detail","200","Thức Coffee - Open 24/7 - Tết này, SUNG TÚC - PHÁT TÀI - ĐỦ ĐẦY - NHƯ Ý","missing","redirect-/chuyen-cua-thuc","Story slug absent from local data"
"/chuyen-cua-thuc/thap-cam-say-cho-tet-them-du-day-s896t2/","story-detail","200","Thức Coffee - Open 24/7 - THẬP CẨM SẤY cho Tết thêm đủ đầy","missing","redirect-/chuyen-cua-thuc","Story slug absent from local data"
"/chuyen-cua-thuc/them-mon-them-vui-snack-da-co-them-thanh-vien-moi-kho-bo-gion-cay-s1371t2/","story-detail","200","Thức Coffee - Open 24/7 - THÊM MÓN THÊM VUI, SNACK ĐÃ CÓ THÊM THÀNH VIÊN MỚI: KHÔ BÒ GIÒN CAY","missing","redirect-/chuyen-cua-thuc","Story slug absent from local data"
"/chuyen-cua-thuc/-thong-bao-%F0%9F%93%8C%F0%9F%93%8C-thoi-gian-va-hinh-thuc-hoat-dong-cua-thuc-coffee-trong-mua-co-vi-%F0%9F%93%8C%F0%9F%93%8C-s689t2/","story-detail","200","Thức Coffee - Open 24/7 - [THÔNG BÁO] &#128204;&#128204; THỜI GIAN VÀ HÌNH THỨC HOẠT ĐỘNG CỦA THỨC COFFEE TRONG MÙA CÔ VI &#128204;&#128204;","missing","redirect-/chuyen-cua-thuc","Story slug absent from local data"
"/chuyen-cua-thuc/-thong-bao-cap-nhat-chuong-trinh-thanh-vien-thuc-coffee-s570t2/","story-detail","200","Thức Coffee - Open 24/7 - [Thông báo] Cập nhật chương trình Thành viên Thức Coffee","missing","redirect-/chuyen-cua-thuc","Story slug absent from local data"
"/chuyen-cua-thuc/-thong-bao-ket-thuc-chuong-trinh-thanh-vien-tich-diem-doi-qua--s566t2/","story-detail","200","Thức Coffee - Open 24/7 - [Thông báo] Kết thúc chương trình thành viên ""tích điểm đổi quà""","missing","redirect-/chuyen-cua-thuc","Story slug absent from local data"
"/chuyen-cua-thuc/thong-bao-lich-hoat-dong-tet-at-ty-2025-s1370t2/","story-detail","200","Thức Coffee - Open 24/7 - THÔNG BÁO LỊCH HOẠT ĐỘNG TẾT ẤT TỴ 2025","missing","redirect-/chuyen-cua-thuc","Story slug absent from local data"
"/chuyen-cua-thuc/-thong-bao-lich-hoat-dong-tet-duong-lich-2022-%F0%9F%93%9D-s885t2/","story-detail","200","Thức Coffee - Open 24/7 - [THÔNG BÁO] LỊCH HOẠT ĐỘNG TẾT DƯƠNG LỊCH 2022 &#128221;","missing","redirect-/chuyen-cua-thuc","Story slug absent from local data"
"/chuyen-cua-thuc/thong-bao-ngung-hoat-dong-cua-hang-182-pasteur-s965t2/","story-detail","200","Thức Coffee - Open 24/7 - THÔNG BÁO NGƯNG HOẠT ĐỘNG CỬA HÀNG 182 PASTEUR","missing","redirect-/chuyen-cua-thuc","Story slug absent from local data"
"/chuyen-cua-thuc/thong-bao-thay-doi-dia-diem-cua-hang-156b-pasteur-s946t2/","story-detail","200","Thức Coffee - Open 24/7 - THÔNG BÁO THAY ĐỔI ĐỊA ĐIỂM CỬA HÀNG 156B PASTEUR","missing","redirect-/chuyen-cua-thuc","Story slug absent from local data"
"/chuyen-cua-thuc/-thong-bao-thay-doi-dia-diem-cua-hang-s851t2/","story-detail","200","Thức Coffee - Open 24/7 - [THÔNG BÁO] THAY ĐỔI ĐỊA ĐIỂM CỬA HÀNG","missing","redirect-/chuyen-cua-thuc","Story slug absent from local data"
"/chuyen-cua-thuc/-thong-bao-thay-doi-thoi-gian-giao-hang-va-chuong-trinh-%E2%80%9Cgiam-20-freeship%E2%80%9D-s728t2/","story-detail","200","Thức Coffee - Open 24/7 - [THÔNG BÁO] Thay đổi thời gian giao hàng và chương trình “Giảm 20% - FREESHIP”","missing","redirect-/chuyen-cua-thuc","Story slug absent from local data"
"/chuyen-cua-thuc/-thong-bao-thay-doi-thoi-gian-va-hinh-thuc-hoat-dong-cac-cua-hang-thuc-coffee--s865t2/","story-detail","200","Thức Coffee - Open 24/7 - [THÔNG BÁO] THAY ĐỔI THỜI GIAN VÀ HÌNH THỨC HOẠT ĐỘNG CÁC CỬA HÀNG THỨC COFFEE.","missing","redirect-/chuyen-cua-thuc","Story slug absent from local data"
"/chuyen-cua-thuc/thu%CC%9B%CC%81-ba-so%CC%82%CC%81ng-khoe%CC%89-gia%CC%89m-50-healthy-juice-s660t2/","story-detail","200","Thức Coffee - Open 24/7 - THỨ BA SỐNG KHOẺ - GIẢM 50% HEALTHY JUICE","missing","redirect-/chuyen-cua-thuc","Story slug absent from local data"
"/chuyen-cua-thuc/thu-an-yen-cung-luc-vi-doan-vien-s1044t2/","story-detail","200","Thức Coffee - Open 24/7 - THU AN YÊN CÙNG LỤC VỊ ĐOÀN VIÊN","missing","redirect-/chuyen-cua-thuc","Story slug absent from local data"
"/chuyen-cua-thuc/thuc-coffee-182-pasteur-q-1-quay-lai-hoat-dong-24h-s905t2/","story-detail","200","Thức Coffee - Open 24/7 - THỨC COFFEE - 182 PASTEUR, Q.1 QUAY LẠI HOẠT ĐỘNG 24H","missing","redirect-/chuyen-cua-thuc","Story slug absent from local data"
"/chuyen-cua-thuc/thuc-coffee-320-nguyen-thai-son-quay-lai-hoat-dong-24h-s1130t2/","story-detail","200","Thức Coffee - Open 24/7 - THỨC COFFEE - 320 NGUYỄN THÁI SƠN QUAY LẠI HOẠT ĐỘNG 24H","missing","redirect-/chuyen-cua-thuc","Story slug absent from local data"
"/chuyen-cua-thuc/thuc-coffee-37-ly-tu-trong-hoat-dong-24h-roi-cac-ban-oiiii-s1131t2/","story-detail","200","Thức Coffee - Open 24/7 - THỨC COFFEE - 37 LÝ TỰ TRỌNG HOẠT ĐỘNG 24H RỒI CÁC BẠN ƠIIII","missing","redirect-/chuyen-cua-thuc","Story slug absent from local data"
"/chuyen-cua-thuc/thuc-coffee-42-hoa-phuong-hoat-dong-24h-tu-hom-nay-s904t2/","story-detail","200","Thức Coffee - Open 24/7 - THỨC COFFEE - 42 HOA PHƯỢNG HOẠT ĐỘNG 24H TỪ HÔM NAY","missing","redirect-/chuyen-cua-thuc","Story slug absent from local data"
"/chuyen-cua-thuc/thuc-coffee-chinh-thuc-mang-vu-tru-xoai-den-voi-mua-he-roi-dayy-%F0%9F%8F%96-s1485t2/","story-detail","200","Thức Coffee - Open 24/7 - THỨC COFFEE CHÍNH THỨC MANG ""VŨ TRỤ XOÀI"" ĐẾN VỚI MÙA HÈ RỒI ĐÂYY &#127958;","missing","redirect-/chuyen-cua-thuc","Story slug absent from local data"
"/chuyen-cua-thuc/thuc-coffee-da-quay-tro-lai-s868t2/","story-detail","200","Thức Coffee - Open 24/7 - THỨC COFFEE ĐÃ QUAY TRỞ LẠI","missing","redirect-/chuyen-cua-thuc","Story slug absent from local data"
"/chuyen-cua-thuc/thuc-coffee-ly-tu-trong-xin-chao-cac-cu-dem--s736t2/","story-detail","200","Thức Coffee - Open 24/7 - Thức Coffee - Lý Tự Trọng xin chào các ""cú đêm""!!","missing","redirect-/chuyen-cua-thuc","Story slug absent from local data"
"/chuyen-cua-thuc/thuc-coffee-x-momo-deal-sieu-hot-s884t2/","story-detail","200","Thức Coffee - Open 24/7 - Thức Coffee x Momo - Deal siêu Hot","missing","redirect-/chuyen-cua-thuc","Story slug absent from local data"
"/chuyen-cua-thuc/thuc-da-co-menu-an-vat-danh-cho-ban-roi-day-%F0%9F%92%93-s666t2/","story-detail","200","Thức Coffee - Open 24/7 - Thức đã có menu ăn vặt dành cho bạn rồi đấy &#128147;","missing","redirect-/chuyen-cua-thuc","Story slug absent from local data"
"/chuyen-cua-thuc/-thuc-delivery-%F0%9F%8E%89-uu-dai-trao-tay-dat-giao-hang-ngay-%F0%9F%8E%89-s862t2/","story-detail","200","Thức Coffee - Open 24/7 - [THỨC DELIVERY] &#127881; ƯU ĐÃI TRAO TAY - ĐẶT GIAO HÀNG NGAY &#127881;","missing","redirect-/chuyen-cua-thuc","Story slug absent from local data"
"/chuyen-cua-thuc/thuc-giao-hang-18006230-s799t2/","story-detail","200","Thức Coffee - Open 24/7 - THỨC GIAO HÀNG - 18006230","missing","redirect-/chuyen-cua-thuc","Story slug absent from local data"
"/chuyen-cua-thuc/thu-tu-vui-ve-free-upsize-banh-20-000d-s618t2/","story-detail","200","Thức Coffee - Open 24/7 - Thứ tư vui vẻ - Free Upsize - Bánh 20.000đ","missing","redirect-/chuyen-cua-thuc","Story slug absent from local data"
"/chuyen-cua-thuc/thu-tu-vui-ve-uu-dai-moi-trai-nghiem-tuyet-voi-%F0%9F%A4%A9-s796t2/","story-detail","200","Thức Coffee - Open 24/7 - THỨ TƯ VUI VẺ - ƯU ĐÃI MỚI - TRẢI NGHIỆM TUYỆT VỜI &#129321;","missing","redirect-/chuyen-cua-thuc","Story slug absent from local data"
"/chuyen-cua-thuc/tich-luy-11-hoa-don-doi-11-ngay-ca-phe-mien-phi-s1074t2/","story-detail","200","Thức Coffee - Open 24/7 - TÍCH LUỸ 11 HOÁ ĐƠN ĐỔI 11 NGÀY CÀ PHÊ MIỄN PHÍ","missing","redirect-/chuyen-cua-thuc","Story slug absent from local data"
"/chuyen-cua-thuc/tiep-suc-dem-khuya-them-no-them-khoe-s1082t2/","story-detail","200","Thức Coffee - Open 24/7 - TIẾP SỨC ĐÊM KHUYA THÊM NO THÊM KHOẺ","missing","redirect-/chuyen-cua-thuc","Story slug absent from local data"
"/chuyen-cua-thuc/tieu-bay-qua-toi-chu-con-gi-nua--s65t2/","story-detail","200","Thức Coffee - Open 24/7 - TIÊU BAY QUÀ TỚI chứ còn gì nữa !!!","missing","redirect-/chuyen-cua-thuc","Story slug absent from local data"
"/chuyen-cua-thuc/tra-buoi-hong-chanh-day-chi-29-000d-s867t2/","story-detail","200","Thức Coffee - Open 24/7 - TRÀ BƯỞI HỒNG-CHANH DÂY chỉ 29.000Đ","missing","redirect-/chuyen-cua-thuc","Story slug absent from local data"
"/chuyen-cua-thuc/tra-buoi-hong-chanh-day-chi-29-000d-s871t2/","story-detail","200","Thức Coffee - Open 24/7 - TRÀ BƯỞI HỒNG-CHANH DÂY CHỈ 29.000Đ","missing","redirect-/chuyen-cua-thuc","Story slug absent from local data"
"/chuyen-cua-thuc/tra-hoa-tu-quy-don-tet-nhu-y-s1353t2/","story-detail","200","Thức Coffee - Open 24/7 - TRÀ HOA TỨ QUÝ, ĐÓN TẾT NHƯ Ý","missing","redirect-/chuyen-cua-thuc","Story slug absent from local data"
"/chuyen-cua-thuc/trai-nghiem-tra-tet-voi-gia-dung-thu-chi-49-000d-s1117t2/","story-detail","200","Thức Coffee - Open 24/7 - TRẢI NGHIỆM TRÀ TẾT VỚI GIÁ DÙNG THỬ CHỈ 49.000Đ","missing","redirect-/chuyen-cua-thuc","Story slug absent from local data"
"/chuyen-cua-thuc/tron-nang-sai-gon-cung-bo-doi-fresh-cool--s1132t2/","story-detail","200","Thức Coffee - Open 24/7 - TRỐN NẮNG SÀI GÒN cùng Bộ Đôi FRESH & COOL.","missing","redirect-/chuyen-cua-thuc","Story slug absent from local data"
"/chuyen-cua-thuc/tron-nang-sai-gon-ghe-thuc-coffee-ngay-s1379t2/","story-detail","200","Thức Coffee - Open 24/7 - TRỐN NẮNG SÀI GÒN GHÉ THỨC COFFEE NGAY","missing","redirect-/chuyen-cua-thuc","Story slug absent from local data"
"/chuyen-cua-thuc/trung-thu-luc-vi-thuong-nguyet-doan-vien-s780t2/","story-detail","200","Thức Coffee - Open 24/7 - Trung Thu lục vị - thưởng nguyệt đoàn viên","missing","redirect-/chuyen-cua-thuc","Story slug absent from local data"
"/chuyen-cua-thuc/trung-thu-ven-tron-tinh-than-gan-ket-s771t2/","story-detail","200","Thức Coffee - Open 24/7 - TRUNG THU VẸN TRÒN - TÌNH THÂN GẮN KẾT","missing","redirect-/chuyen-cua-thuc","Story slug absent from local data"
"/chuyen-cua-thuc/truong-hoc-khai-giang-thuc-coffee-khai-deal-s1392t2/","story-detail","200","Thức Coffee - Open 24/7 - TRƯỜNG HỌC KHAI GIẢNG, THỨC COFFEE KHAI DEAL","missing","redirect-/chuyen-cua-thuc","Story slug absent from local data"
"/chuyen-cua-thuc/up-size-ca-phe-nap-nang-luong-thiet-me-s1026t2/","story-detail","200","Thức Coffee - Open 24/7 - UP-SIZE CÀ PHÊ, NẠP NĂNG LƯỢNG THIỆT MÊ","missing","redirect-/chuyen-cua-thuc","Story slug absent from local data"
"/chuyen-cua-thuc/uu-dai-banh-trung-thu-don-hang-lon-s1220t2/","story-detail","200","Thức Coffee - Open 24/7 - ƯU ĐÃI BÁNH TRUNG THU ĐƠN HÀNG LỚN","missing","redirect-/chuyen-cua-thuc","Story slug absent from local data"
"/chuyen-cua-thuc/valentine-co-doi-co-cap-s979t2/","story-detail","200","Thức Coffee - Open 24/7 - VALENTINE CÓ ĐÔI CÓ CẶP","missing","redirect-/chuyen-cua-thuc","Story slug absent from local data"
"/chuyen-cua-thuc/vietnam-summer-tour-summer-collection-2024-s1142t2/","story-detail","200","Thức Coffee - Open 24/7 - VIETNAM SUMMER TOUR - SUMMER COLLECTION 2024","missing","redirect-/chuyen-cua-thuc","Story slug absent from local data"
"/chuyen-cua-thuc/vi-tet-dong-day-sum-vay-sung-tuc-s970t2/","story-detail","200","Thức Coffee - Open 24/7 - VỊ TẾT ĐONG ĐẦY, SUM VẦY - SUNG TÚC","missing","redirect-/chuyen-cua-thuc","Story slug absent from local data"
"/chuyen-cua-thuc/voucher-quyen-luc-tai-xuat-giang-ho-s568t2/","story-detail","200","Thức Coffee - Open 24/7 - Voucher quyền lực tái xuất giang hồ","missing","redirect-/chuyen-cua-thuc","Story slug absent from local data"
"/chuyen-cua-thuc/vui-tet-con-rong-khong-phu-thu-xuyen-tet-s1125t2/","story-detail","200","Thức Coffee - Open 24/7 - VUI TẾT CON RỒNG - KHÔNG PHỤ THU XUYÊN TẾT","missing","redirect-/chuyen-cua-thuc","Story slug absent from local data"
"/chuyen-cua-thuc/welcome-we-re-open-24-7-s1129t2/","story-detail","200","Thức Coffee - Open 24/7 - WELCOME, WE'RE OPEN 24/7","missing","redirect-/chuyen-cua-thuc","Story slug absent from local data"
"/chuyen-cua-thuc/","story-list","200","Thức Coffee - Open 24/7 - Chuyện của Thức","partial","story-list-5-items","Only 5 of 267 source stories are present; no pagination"
"/chuyen-cua-thuc/t1p1/","story-list-page","200","Thức Coffee - Open 24/7 - Chuyện của Thức","missing","redirect-/chuyen-cua-thuc","Pagination slug treated as article and redirected"
"/chuyen-cua-thuc/t1p10/","story-list-page","200","Thức Coffee - Open 24/7 - Chuyện của Thức","missing","redirect-/chuyen-cua-thuc","Pagination slug treated as article and redirected"
"/chuyen-cua-thuc/t1p11/","story-list-page","200","Thức Coffee - Open 24/7 - Chuyện của Thức","missing","redirect-/chuyen-cua-thuc","Pagination slug treated as article and redirected"
"/chuyen-cua-thuc/t1p12/","story-list-page","200","Thức Coffee - Open 24/7 - Chuyện của Thức","missing","redirect-/chuyen-cua-thuc","Pagination slug treated as article and redirected"
"/chuyen-cua-thuc/t1p13/","story-list-page","200","Thức Coffee - Open 24/7 - Chuyện của Thức","missing","redirect-/chuyen-cua-thuc","Pagination slug treated as article and redirected"
"/chuyen-cua-thuc/t1p14/","story-list-page","200","Thức Coffee - Open 24/7 - Chuyện của Thức","missing","redirect-/chuyen-cua-thuc","Pagination slug treated as article and redirected"
"/chuyen-cua-thuc/t1p15/","story-list-page","200","Thức Coffee - Open 24/7 - Chuyện của Thức","missing","redirect-/chuyen-cua-thuc","Pagination slug treated as article and redirected"
"/chuyen-cua-thuc/t1p16/","story-list-page","200","Thức Coffee - Open 24/7 - Chuyện của Thức","missing","redirect-/chuyen-cua-thuc","Pagination slug treated as article and redirected"
"/chuyen-cua-thuc/t1p17/","story-list-page","200","Thức Coffee - Open 24/7 - Chuyện của Thức","missing","redirect-/chuyen-cua-thuc","Pagination slug treated as article and redirected"
"/chuyen-cua-thuc/t1p18/","story-list-page","200","Thức Coffee - Open 24/7 - Chuyện của Thức","missing","redirect-/chuyen-cua-thuc","Pagination slug treated as article and redirected"
"/chuyen-cua-thuc/t1p19/","story-list-page","200","Thức Coffee - Open 24/7 - Chuyện của Thức","missing","redirect-/chuyen-cua-thuc","Pagination slug treated as article and redirected"
"/chuyen-cua-thuc/t1p2/","story-list-page","200","Thức Coffee - Open 24/7 - Chuyện của Thức","missing","redirect-/chuyen-cua-thuc","Pagination slug treated as article and redirected"
"/chuyen-cua-thuc/t1p20/","story-list-page","200","Thức Coffee - Open 24/7 - Chuyện của Thức","missing","redirect-/chuyen-cua-thuc","Pagination slug treated as article and redirected"
"/chuyen-cua-thuc/t1p21/","story-list-page","200","Thức Coffee - Open 24/7 - Chuyện của Thức","missing","redirect-/chuyen-cua-thuc","Pagination slug treated as article and redirected"
"/chuyen-cua-thuc/t1p22/","story-list-page","200","Thức Coffee - Open 24/7 - Chuyện của Thức","missing","redirect-/chuyen-cua-thuc","Pagination slug treated as article and redirected"
"/chuyen-cua-thuc/t1p23/","story-list-page","200","Thức Coffee - Open 24/7 - Chuyện của Thức","missing","redirect-/chuyen-cua-thuc","Pagination slug treated as article and redirected"
"/chuyen-cua-thuc/t1p24/","story-list-page","200","Thức Coffee - Open 24/7 - Chuyện của Thức","missing","redirect-/chuyen-cua-thuc","Pagination slug treated as article and redirected"
"/chuyen-cua-thuc/t1p25/","story-list-page","200","Thức Coffee - Open 24/7 - Chuyện của Thức","missing","redirect-/chuyen-cua-thuc","Pagination slug treated as article and redirected"
"/chuyen-cua-thuc/t1p26/","story-list-page","200","Thức Coffee - Open 24/7 - Chuyện của Thức","missing","redirect-/chuyen-cua-thuc","Pagination slug treated as article and redirected"
"/chuyen-cua-thuc/t1p27/","story-list-page","200","Thức Coffee - Open 24/7 - Chuyện của Thức","missing","redirect-/chuyen-cua-thuc","Pagination slug treated as article and redirected"
"/chuyen-cua-thuc/t1p28/","story-list-page","200","Thức Coffee - Open 24/7 - Chuyện của Thức","missing","redirect-/chuyen-cua-thuc","Pagination slug treated as article and redirected"
"/chuyen-cua-thuc/t1p29/","story-list-page","200","Thức Coffee - Open 24/7 - Chuyện của Thức","missing","redirect-/chuyen-cua-thuc","Pagination slug treated as article and redirected"
"/chuyen-cua-thuc/t1p3/","story-list-page","200","Thức Coffee - Open 24/7 - Chuyện của Thức","missing","redirect-/chuyen-cua-thuc","Pagination slug treated as article and redirected"
"/chuyen-cua-thuc/t1p30/","story-list-page","200","Thức Coffee - Open 24/7 - Chuyện của Thức","missing","redirect-/chuyen-cua-thuc","Pagination slug treated as article and redirected"
"/chuyen-cua-thuc/t1p31/","story-list-page","200","Thức Coffee - Open 24/7 - Chuyện của Thức","missing","redirect-/chuyen-cua-thuc","Pagination slug treated as article and redirected"
"/chuyen-cua-thuc/t1p32/","story-list-page","200","Thức Coffee - Open 24/7 - Chuyện của Thức","missing","redirect-/chuyen-cua-thuc","Pagination slug treated as article and redirected"
"/chuyen-cua-thuc/t1p33/","story-list-page","200","Thức Coffee - Open 24/7 - Chuyện của Thức","missing","redirect-/chuyen-cua-thuc","Pagination slug treated as article and redirected"
"/chuyen-cua-thuc/t1p34/","story-list-page","200","Thức Coffee - Open 24/7 - Chuyện của Thức","missing","redirect-/chuyen-cua-thuc","Pagination slug treated as article and redirected"
"/chuyen-cua-thuc/t1p35/","story-list-page","200","Thức Coffee - Open 24/7 - Chuyện của Thức","missing","redirect-/chuyen-cua-thuc","Pagination slug treated as article and redirected"
"/chuyen-cua-thuc/t1p36/","story-list-page","200","Thức Coffee - Open 24/7 - Chuyện của Thức","missing","redirect-/chuyen-cua-thuc","Pagination slug treated as article and redirected"
"/chuyen-cua-thuc/t1p37/","story-list-page","200","Thức Coffee - Open 24/7 - Chuyện của Thức","missing","redirect-/chuyen-cua-thuc","Pagination slug treated as article and redirected"
"/chuyen-cua-thuc/t1p38/","story-list-page","200","Thức Coffee - Open 24/7 - Chuyện của Thức","missing","redirect-/chuyen-cua-thuc","Pagination slug treated as article and redirected"
"/chuyen-cua-thuc/t1p39/","story-list-page","200","Thức Coffee - Open 24/7 - Chuyện của Thức","missing","redirect-/chuyen-cua-thuc","Pagination slug treated as article and redirected"
"/chuyen-cua-thuc/t1p4/","story-list-page","200","Thức Coffee - Open 24/7 - Chuyện của Thức","missing","redirect-/chuyen-cua-thuc","Pagination slug treated as article and redirected"
"/chuyen-cua-thuc/t1p40/","story-list-page","200","Thức Coffee - Open 24/7 - Chuyện của Thức","missing","redirect-/chuyen-cua-thuc","Pagination slug treated as article and redirected"
"/chuyen-cua-thuc/t1p41/","story-list-page","200","Thức Coffee - Open 24/7 - Chuyện của Thức","missing","redirect-/chuyen-cua-thuc","Pagination slug treated as article and redirected"
"/chuyen-cua-thuc/t1p42/","story-list-page","200","Thức Coffee - Open 24/7 - Chuyện của Thức","missing","redirect-/chuyen-cua-thuc","Pagination slug treated as article and redirected"
"/chuyen-cua-thuc/t1p43/","story-list-page","200","Thức Coffee - Open 24/7 - Chuyện của Thức","missing","redirect-/chuyen-cua-thuc","Pagination slug treated as article and redirected"
"/chuyen-cua-thuc/t1p44/","story-list-page","200","Thức Coffee - Open 24/7 - Chuyện của Thức","missing","redirect-/chuyen-cua-thuc","Pagination slug treated as article and redirected"
"/chuyen-cua-thuc/t1p45/","story-list-page","200","Thức Coffee - Open 24/7 - Chuyện của Thức","missing","redirect-/chuyen-cua-thuc","Pagination slug treated as article and redirected"
"/chuyen-cua-thuc/t1p46/","story-list-page","200","Thức Coffee - Open 24/7 - Chuyện của Thức","missing","redirect-/chuyen-cua-thuc","Pagination slug treated as article and redirected"
"/chuyen-cua-thuc/t1p47/","story-list-page","200","Thức Coffee - Open 24/7 - Chuyện của Thức","missing","redirect-/chuyen-cua-thuc","Pagination slug treated as article and redirected"
"/chuyen-cua-thuc/t1p48/","story-list-page","200","Thức Coffee - Open 24/7 - Chuyện của Thức","missing","redirect-/chuyen-cua-thuc","Pagination slug treated as article and redirected"
"/chuyen-cua-thuc/t1p49/","story-list-page","200","Thức Coffee - Open 24/7 - Chuyện của Thức","missing","redirect-/chuyen-cua-thuc","Pagination slug treated as article and redirected"
"/chuyen-cua-thuc/t1p5/","story-list-page","200","Thức Coffee - Open 24/7 - Chuyện của Thức","missing","redirect-/chuyen-cua-thuc","Pagination slug treated as article and redirected"
"/chuyen-cua-thuc/t1p50/","story-list-page","200","Thức Coffee - Open 24/7 - Chuyện của Thức","missing","redirect-/chuyen-cua-thuc","Pagination slug treated as article and redirected"
"/chuyen-cua-thuc/t1p51/","story-list-page","200","Thức Coffee - Open 24/7 - Chuyện của Thức","missing","redirect-/chuyen-cua-thuc","Pagination slug treated as article and redirected"
"/chuyen-cua-thuc/t1p52/","story-list-page","200","Thức Coffee - Open 24/7 - Chuyện của Thức","missing","redirect-/chuyen-cua-thuc","Pagination slug treated as article and redirected"
"/chuyen-cua-thuc/t1p53/","story-list-page","200","Thức Coffee - Open 24/7 - Chuyện của Thức","missing","redirect-/chuyen-cua-thuc","Pagination slug treated as article and redirected"
"/chuyen-cua-thuc/t1p54/","story-list-page","200","Thức Coffee - Open 24/7 - Chuyện của Thức","missing","redirect-/chuyen-cua-thuc","Pagination slug treated as article and redirected"
"/chuyen-cua-thuc/t1p6/","story-list-page","200","Thức Coffee - Open 24/7 - Chuyện của Thức","missing","redirect-/chuyen-cua-thuc","Pagination slug treated as article and redirected"
"/chuyen-cua-thuc/t1p7/","story-list-page","200","Thức Coffee - Open 24/7 - Chuyện của Thức","missing","redirect-/chuyen-cua-thuc","Pagination slug treated as article and redirected"
"/chuyen-cua-thuc/t1p8/","story-list-page","200","Thức Coffee - Open 24/7 - Chuyện của Thức","missing","redirect-/chuyen-cua-thuc","Pagination slug treated as article and redirected"
"/chuyen-cua-thuc/t1p9/","story-list-page","200","Thức Coffee - Open 24/7 - Chuyện của Thức","missing","redirect-/chuyen-cua-thuc","Pagination slug treated as article and redirected"
